context,ko,n_cells,response_divergence,subpop_separation,minority_frac,seed,prog_IFN_response_minority_minus_majority,prog_antigen_presentation_minority_minus_majority,prog_antigen_presentation_loss_minority_minus_majority,prog_AXL_mesenchymal_minority_minus_majority,prog_quiescence_minority_minus_majority,proliferation_minority_minus_majority
Co-culture,A2M,400,0.0779295639851524,1.902754843235016,0.445,0,0.1240987926721572,0.0777085795998573,0.0175643153488636,-0.1782825887203216,1.0528042316436768,1.0493749380111694
Co-culture,ACSL3,187,0.0656887693358326,1.7684624195098877,0.4117647058823529,0,0.4462721943855285,0.3822843432426452,0.3094627261161804,-0.0446093492209911,0.8688256740570068,0.8708013296127319
Co-culture,ACTA2,400,0.0753785628183339,1.875356376171112,0.4325,0,0.0576591230928897,0.0967792868614196,0.0525423623621463,-0.1580374389886856,0.9704577326774596,1.0199570655822754
Co-culture,AEBP1,386,0.0669679178525066,1.895089626312256,0.4093264248704663,0,-0.0040289554744958,-0.0793301463127136,-0.1221971586346626,-0.0955419167876243,1.0363798141479492,0.9752421379089355
Co-culture,AGA,381,0.0712129382087054,1.924368381500244,0.4619422572178477,0,0.045808620750904,0.061587318778038,0.0030244307126849,-0.2099824249744415,0.920728325843811,0.9489989280700684
Co-culture,AHNAK,309,0.0703492035925964,1.8871512413024905,0.3915857605177993,0,0.049886830151081,0.0503365620970726,0.019413873553276,-0.1248451918363571,0.9181032180786132,0.981475591659546
Co-culture,APOC2,349,0.0730688542432472,1.9034934639930725,0.4126074498567335,0,0.1508710086345672,0.1625461876392364,0.1353094279766082,-0.1536749005317688,0.9877279996871948,1.0441701412200928
Co-culture,APOD,352,0.0633945008001541,1.9113510847091677,0.4857954545454545,0,-0.0852935761213302,-0.045051597058773,-0.0057474840432405,0.1592793017625808,-0.897595226764679,-0.8861683011054993
Co-culture,APOE,354,0.063147933269513,1.895213544368744,0.4632768361581921,0,0.1198430806398391,0.076751485466957,0.0270098932087421,-0.0788821429014206,0.8998103737831116,0.8714227676391602
Co-culture,ARMC6,281,0.0721317092775261,1.892028570175171,0.4234875444839858,0,0.2057035863399505,0.1268141865730285,0.0676956474781036,-0.1400962471961975,1.0106559991836548,0.9689210653305054
Co-culture,ATP1B1,331,0.0669086405610682,1.839022517204285,0.4682779456193353,0,-0.0479017868638038,-0.183358758687973,-0.2481360137462616,-0.2178244143724441,0.9679325819015504,0.9349331855773926
Co-culture,ATP5MD,213,0.0773925098858341,1.8020180463790891,0.4835680751173709,0,0.0934020280838012,0.0431872010231018,-0.0163946598768234,-0.0822492390871048,0.9302796125411988,0.9793847799301147
Co-culture,B2M,400,0.0702515707875967,1.671587884426117,0.4675,0,0.0928049236536026,-0.0661652088165283,-0.105818435549736,-0.1446164548397064,0.9674450159072876,0.9811626076698304
Co-culture,BOLA2,219,0.0642317386582604,1.82795250415802,0.4246575342465753,0,0.2668901085853576,0.1787513345479965,0.1502621471881866,-0.1780696511268615,0.8682636022567749,0.901901364326477
Co-culture,BOLA2B,206,0.0715262622462284,1.8172733783721924,0.4951456310679611,0,0.0477307774126529,-0.0203888118267059,-0.0556915625929832,-0.1132582128047943,0.9506662487983704,0.9572073221206664
Co-culture,BZW2,326,0.0655722943258444,1.852766752243042,0.450920245398773,0,0.1354955434799194,-0.0031776502728462,-0.0659916549921035,-0.232136070728302,0.9600397348403932,0.9187049865722656
Co-culture,C19orf48,375,0.0761941547487912,1.9196087718009949,0.456,0,-0.0246804729104042,-0.0254708267748355,-0.0556492507457733,-0.0939301550388336,1.0248119831085205,1.0095678567886353
Co-culture,C1QBP,194,0.0672460760771936,1.765242874622345,0.4845360824742268,0,-0.0770273208618164,-0.1979483366012573,-0.2740406394004822,-0.0595829412341117,0.9071110486984252,0.8944041728973389
Co-culture,C6orf226,331,0.0739571861627837,1.865367531776428,0.459214501510574,0,-0.0479762330651283,-0.1105223000049591,-0.1773903667926788,-0.0851915329694747,1.0723726749420166,1.0191408395767212
Co-culture,CCND1,170,0.07137111832639,1.6166417598724363,0.488235294117647,0,0.1572588682174682,0.156099185347557,0.1372254341840744,-0.0623774006962776,0.9717195630073548,0.9471862316131592
Co-culture,CCND2,331,0.0634108826679179,1.859835386276245,0.4954682779456193,0,0.0854077488183975,0.0249156933277845,-0.054449088871479,-0.0456764325499534,0.8501781821250916,0.8737404346466064
Co-culture,CCR10,328,0.0642347350266691,1.8831683993339536,0.4969512195121951,0,-0.0729159563779831,-0.0375402122735977,0.0043951631523668,0.034444011747837,-1.0233099460601809,-0.9139900207519532
Co-culture,CCT3,65,0.0639928512400808,1.4191133975982666,0.4923076923076923,0,-0.0812349244952201,0.0591571778059005,0.0906480699777603,-0.4567477703094482,-0.4742275476455688,-0.2991441786289215
Co-culture,CD151,349,0.0714273029982576,1.890453398227692,0.4613180515759312,0,0.100159078836441,0.014181500300765,-0.0412685424089431,-0.105461336672306,0.9733140468597412,0.9554764032363892
Co-culture,CD274,372,0.0761905330487368,1.9219613075256348,0.4166666666666667,0,0.1668789535760879,0.0792966037988662,0.0258716084063053,-0.2365423440933227,1.004963994026184,1.0534597635269165
Co-culture,CD44,400,0.0661850210114578,1.901209533214569,0.4625,0,0.0354512855410575,-0.0319375470280647,-0.1091260462999343,-0.0751108676195144,1.0139567852020264,0.993442177772522
Co-culture,CD47,306,0.0665673860452815,1.875575304031372,0.4967320261437908,0,-0.0914274603128433,-0.097412958741188,-0.0595391169190406,0.070676177740097,-1.042127251625061,-0.9430246353149414
Co-culture,CD58,400,0.0666654105239895,1.9170048832893367,0.4575,0,0.1350647211074829,0.1513639092445373,0.0979077368974685,-0.0688929632306099,0.9713565111160278,0.9473571181297302
Co-culture,CD59,400,0.0654835682135346,1.9123308062553408,0.495,0,0.0510297417640686,-0.0293729305267334,-0.0729473605751991,-0.1095952689647674,0.9581111669540404,0.9069732427597046
Co-culture,CD63,291,0.0732999918829175,1.6032862067222595,0.4467353951890034,0,0.1773669719696045,0.1680110692977905,0.1160176247358322,0.01085658185184,1.0404036045074463,1.0400007963180542
Co-culture,CDC123,96,0.0623231768507937,1.692287564277649,0.3854166666666667,0,0.0530355721712112,0.1643526554107666,0.1885888278484344,0.0454663671553134,-0.8851467967033386,-0.8931342363357544
Co-culture,CDH19,380,0.0676765480584687,1.9056601524353027,0.4684210526315789,0,0.1672449111938476,0.0673340260982513,-0.0073183383792638,-0.1233310103416442,0.9844079613685608,0.9222068190574646
Co-culture,CDK4,242,0.0652358256700524,1.8002822995185852,0.4504132231404958,0,0.0708595588803291,-0.0302269458770751,-0.0608934573829174,-0.1058766394853591,1.0074706077575684,0.8787288665771484
Co-culture,CDK6,106,0.0771337000212176,1.533318817615509,0.4339622641509434,0,0.1372414082288742,-0.0011720025213435,-0.0391277931630611,-0.1317345201969146,0.945296049118042,0.8874671459197998
Co-culture,CDKN1A,358,0.0662528505300056,1.8739322423934937,0.4860335195530726,0,0.1726974546909332,0.1411507725715637,0.0947120934724807,-0.080176368355751,0.915392518043518,0.9240895509719848
Co-culture,CDKN2A,270,0.0722752809306311,1.908504068851471,0.4407407407407407,0,0.2121247947216034,0.1291349828243255,0.0952512696385383,-0.1946511417627334,1.0107436180114746,1.0032798051834106
Co-culture,CDKN2B,315,0.0661139077583848,1.7861904501914978,0.4888888888888889,0,0.1935442090034485,0.2534117698669433,0.204704612493515,-0.030875064432621,0.95364511013031,0.968229115009308
Co-culture,CGAS,265,0.0748646624063105,1.89622575044632,0.4377358490566038,0,-0.0055731274187564,-0.0157350841909647,-0.0741010904312133,0.0500970184803009,1.0347559452056885,1.0013765096664429
Co-culture,CHCHD2,339,0.0724758575158299,1.8696805834770205,0.4011799410029498,0,0.1819389462471008,0.1461773812770843,0.1047358810901641,-0.1573429256677627,0.930517315864563,0.988704800605774
Co-culture,CITED1,350,0.0682840858246943,1.904087483882904,0.4771428571428571,0,-0.0991277620196342,-0.0220009125769138,0.020288061350584,0.0154430102556943,-0.9739856719970704,-0.9541576504707336
Co-culture,CKS1B,292,0.0801238932748479,1.844012558460236,0.476027397260274,0,0.154737576842308,0.0445711612701416,-0.0160887353122234,-0.0974258035421371,1.014878749847412,0.9986209273338318
Co-culture,CMSS1,338,0.072386714433143,1.89087438583374,0.378698224852071,0,0.1499033123254776,0.1614329516887664,0.109062060713768,-0.2090223580598831,0.9498512744903564,0.9892592430114746
Co-culture,CORO1A,260,0.0789434865259626,1.8926150798797607,0.4615384615384615,0,-0.2321826815605163,-0.2693125605583191,-0.2020341604948043,0.2359687536954879,-0.9340007901191713,-0.9030331969261168
Co-culture,CSPG4,400,0.0673729738201345,1.8891900181770325,0.43,0,0.0635388568043708,-0.0374668426811695,-0.1117830500006675,-0.1742856502532959,0.9731355309486388,0.945847988128662
Co-culture,CST3,220,0.0702720293383281,1.8558922410011287,0.4818181818181818,0,0.1139291450381279,0.0975188910961151,0.050956554710865,-0.3302631378173828,0.94966459274292,0.9487423896789552
Co-culture,CTPS1,117,0.0766256420818585,1.2363361418247223,0.4871794871794871,0,0.2280072718858719,0.461056113243103,0.5597862005233765,0.0825744941830635,-0.97691810131073,-0.9693781733512878
Co-culture,CTSA,297,0.0697242435861017,1.8891673684120176,0.4747474747474747,0,0.1683332920074463,0.0257212929427623,-0.0024535367265343,-0.2263936847448349,0.904868483543396,0.9211953282356262
Co-culture,CTSB,371,0.057533199794951,1.8619375824928284,0.4393530997304582,0,0.2427403777837753,0.0826098620891571,0.0497827231884002,-0.0318206027150154,0.907772183418274,0.8351106643676758
Co-culture,CTSD,400,0.0728833208423025,1.6392430067062378,0.44,0,0.1984908878803253,0.183433711528778,0.1195097714662551,-0.0674296543002128,0.947971761226654,0.9682363271713256
Co-culture,CTSL,298,0.0760903076643671,1.7184994220733645,0.4194630872483221,0,0.1823194921016693,0.1224914491176605,0.0798652023077011,-0.1162579804658889,0.965972065925598,1.0541484355926514
Co-culture,CTSO,327,0.077592333748157,1.873578786849976,0.3944954128440367,0,0.3777516186237335,0.3708973228931427,0.3126992881298065,-0.1403629183769226,1.0000901222229004,0.9658840894699096
Co-culture,CXCR4,301,0.0733735020427969,1.8959463238716123,0.388704318936877,0,0.2863717675209045,0.2666094303131103,0.2120883166790008,-0.1188581436872482,1.016402006149292,0.9965572357177734
Co-culture,CYP27A1,312,0.0832034670517797,1.8808717727661133,0.483974358974359,0,-0.066291905939579,0.0827778577804565,0.1794213354587555,0.2190091609954834,-0.9485104084014891,-0.9774461388587952
Co-culture,DAG1,281,0.0778784981894482,1.881542086601257,0.4199288256227758,0,0.0830830782651901,-0.0440639853477478,-0.1032409742474556,-0.0708620399236679,1.045937418937683,1.0593833923339844
Co-culture,DDR1,304,0.0739069247764357,1.8855944871902464,0.4144736842105263,0,-0.0365736074745655,-0.1832897067070007,-0.2277294099330902,-0.0776069462299346,1.0238429307937622,1.0130643844604492
Co-culture,DDX17,233,0.079206471443711,1.8148548007011411,0.3905579399141631,0,0.2912945449352264,0.3542249202728271,0.2993492484092712,-0.200126826763153,1.0049896240234375,1.006317973136902
Co-culture,DDX39A,218,0.057646162024852,1.7103954553604126,0.3348623853211009,0,-0.4366238713264465,-0.4785544276237488,-0.5012165307998657,0.2552322447299957,0.1397495567798614,-0.0473209619522094
Co-culture,DLL3,287,0.0758807870535577,1.868537187576294,0.4494773519163763,0,0.1535935401916504,0.1619475334882736,0.1095083132386207,-0.1287345886230468,0.9854007363319396,1.0291130542755127
Co-culture,DNMT1,118,0.0831821079588496,1.5726681351661682,0.3389830508474576,0,-0.1141718924045562,0.1193351745605468,0.1375954747200012,0.4228200912475586,-0.3606491088867187,-0.4275780618190765
Co-culture,E2F1,178,0.0694397332314295,1.7085373997688291,0.3876404494382022,0,0.3542783856391907,0.2987809777259826,0.2616934180259704,0.0066312067210674,0.968508005142212,0.8777050375938416
Co-culture,EEA1,280,0.061588338661301,1.8664523363113403,0.2392857142857143,0,-0.3037519156932831,-0.2973531484603882,-0.2807075083255768,0.3338081240653991,-0.0357925295829772,-0.1387450098991394
Co-culture,EEF1G,53,0.0803846729809084,1.421893060207367,0.3584905660377358,0,-0.0701581463217735,0.0163990743458271,0.0052848244085907,-0.1335105746984481,0.8789052367210388,0.9921773672103882
Co-culture,EIF3K,230,0.0658068664672795,1.4729469120502472,0.3260869565217391,0,0.1445196866989135,0.1724652498960495,0.1691930294036865,-0.0681449249386787,0.9722317457199096,0.97179114818573
Co-culture,EMP1,299,0.0705293257678101,1.8461410999298096,0.4548494983277591,0,0.0689299255609512,0.0527588278055191,-0.0014755531447008,-0.1107541769742965,0.9898252487182616,0.9563412070274352
Co-culture,ENPP1,278,0.0740008741042469,1.8845911622047424,0.4892086330935252,0,0.1991387605667114,0.182649940252304,0.1140991523861885,-0.1110888943076133,1.024028778076172,0.963006854057312
Co-culture,EVA1A,283,0.0678421125247253,1.8866724371910093,0.4134275618374558,0,0.1817915439605713,0.1477413773536682,0.1351566314697265,-0.050664909183979,0.9985560774803162,0.9413199424743652
Co-culture,FBL,95,0.0903295442790768,1.729760468006134,0.4736842105263157,0,0.080921784043312,-0.0065808892250061,-0.0308997519314289,-0.0633624345064163,0.9794069528579712,1.0263936519622805
Co-culture,FBXO32,390,0.065492099833438,1.8791441917419436,0.4794871794871795,0,0.1259113550186157,0.0035320562310516,-0.0490841455757617,-0.0764388144016265,0.90893816947937,0.9044021368026732
Co-culture,FGFR1,395,0.0735782187736841,1.8934508562088013,0.430379746835443,0,0.2767392992973327,0.2917974293231964,0.2516892850399017,-0.0839744284749031,1.0348550081253052,1.0211877822875977
Co-culture,FKBP4,216,0.079389791971386,1.834032952785492,0.4398148148148148,0,0.1779738962650299,0.1943798065185547,0.1423095464706421,-0.1790994703769683,0.9406114220619202,0.9438909888267516
Co-culture,FMN1,321,0.0714303421434267,1.9213749766349792,0.4610591900311526,0,0.0543738678097724,-0.1136591583490371,-0.1412025243043899,-0.0379296168684959,0.9673577547073364,0.9151723980903624
Co-culture,FOS,222,0.0653121950835225,1.8110222816467283,0.4954954954954955,0,-0.1917715668678283,-0.0438220426440238,-0.0325915999710559,0.154252678155899,-0.970432698726654,-0.9299718737602234
Co-culture,FOXM1,76,0.0741583816511144,1.576619565486908,0.2894736842105263,0,-0.1520599424839019,-0.0195084773004055,0.1060004234313964,0.48542320728302,-0.3732059895992279,-0.5265108346939087
Co-culture,FRZB,226,0.0715520869232407,1.8600313067436216,0.4557522123893805,0,-0.133318230509758,-0.1279198825359344,-0.1513310074806213,-0.0470839813351631,1.0037510395050049,0.9763855934143066
Co-culture,FSTL3,344,0.077965241248765,1.9143590927124023,0.4534883720930232,0,0.1706894189119339,0.0856642723083496,0.0225735940039157,-0.1129586026072502,1.0203789472579956,1.0285687446594238
Co-culture,GAA,330,0.0680790347461251,1.9088231325149536,0.4333333333333333,0,0.0812273696064949,0.0425082370638847,0.0080343233421444,-0.0079302471131086,1.0603166818618774,0.9853997230529784
Co-culture,GAS5,308,0.0658567476807073,1.8959264755249023,0.4253246753246753,0,0.2618176639080047,0.2631112933158874,0.1953710913658142,-0.1417734771966934,0.939338207244873,0.921306848526001
Co-culture,GPATCH4,219,0.0650068932058047,1.8099226355552676,0.4611872146118721,0,-0.0642372891306877,-0.0571865551173687,-0.0832103341817855,-0.0734626799821853,0.9017186164855956,0.911042332649231
Co-culture,GPNMB,287,0.0643830728638993,1.806507766246796,0.4006968641114982,0,0.195876196026802,0.2065490037202835,0.1486822366714477,-0.0071591329760849,1.0050230026245115,0.9375797510147096
Co-culture,GRN,273,0.0654352655796348,1.894243240356445,0.4981684981684982,0,-0.043008841574192,0.0044606700539588,0.0356387272477149,0.1174738034605979,-0.9660558700561525,-0.9257187843322754
Co-culture,GSEC,164,0.0779299226186493,1.8168128728866575,0.3963414634146341,0,0.1548695415258407,0.1076847165822982,0.098029650747776,-0.1085390597581863,1.0760860443115234,1.0581374168395996
Co-culture,GSN,317,0.0741760690153582,1.909339725971222,0.4258675078864353,0,0.0403573252260685,-0.0443400368094444,-0.0873053893446922,-0.1478265523910522,1.0235810279846191,1.019673228263855
Co-culture,HASPIN,162,0.0671604269347082,1.7827284932136536,0.4629629629629629,0,-0.0239475332200527,-0.1614177823066711,-0.2473346889019012,-0.104452759027481,0.9551910161972046,0.9534696340560912
Co-culture,HLA-A,335,0.0686072408176666,1.8861237168312075,0.4567164179104477,0,0.0484766736626625,-0.0741273611783981,-0.095280222594738,-0.1384283602237701,1.0028479099273682,0.9596959352493286
Co-culture,HLA-B,190,0.0777946164786002,1.577323138713837,0.3842105263157894,0,0.245097815990448,0.219288945198059,0.1980277895927429,-0.1145590543746948,0.9929187893867492,1.0211694240570068
Co-culture,HLA-C,216,0.0682196967159299,1.504724383354187,0.4398148148148148,0,0.1026534438133239,0.0257121250033378,-0.0172893591225147,-0.1236717104911804,0.9790766835212708,0.9708970785140992
Co-culture,HLA-DRB5,360,0.0685682368552418,1.912733852863312,0.4,0,0.3548285365104675,0.3490088582038879,0.3253189623355865,-0.1385383605957031,0.9712949991226196,0.9654253721237184
Co-culture,HLA-E,258,0.0785498757319614,1.7913561463356018,0.4844961240310077,0,-0.2066744863986969,0.0157082304358482,0.0749441236257553,0.0276783183217048,-1.0117839574813845,-0.9757111072540284
Co-culture,HLA-F,305,0.0701651892712189,1.8699337244033811,0.4622950819672131,0,0.0729516744613647,0.0138546926900744,-0.020837252959609,-0.0911061465740203,1.0304169654846191,0.9822906851768494
Co-culture,HLA-H,294,0.0731676659148589,1.8833197355270384,0.4081632653061224,0,0.1087408810853958,0.0745349377393722,0.018652856349945,-0.0915384292602539,1.0448672771453855,1.0435757637023926
Co-culture,HNRNPA1,239,0.0669290439077445,1.7632949352264404,0.4895397489539749,0,0.2705367505550384,0.2390934228897094,0.1910308599472046,-0.2293927073478698,0.980541467666626,0.8939952254295349
Co-culture,HNRNPC,55,0.0982553141158381,1.599137246608734,0.4181818181818181,0,-0.3301108479499817,-0.2822112739086151,-0.2584781348705292,0.136108711361885,-0.4599305987358093,-0.6060734391212463
Co-culture,HSPA1A,229,0.0653383678434718,1.7433196902275083,0.4279475982532751,0,-0.0114204511046409,-0.1780445873737335,-0.2341671884059906,-0.1596069633960724,0.9946123361587524,0.931536078453064
Co-culture,IDH2,356,0.0699562174593481,1.8792687058448792,0.4831460674157303,0,0.0967438668012619,0.069654457271099,0.0173761807382106,-0.1959487199783325,1.0552170276641846,1.0036228895187378
Co-culture,IDI2-AS1,276,0.0711176669102581,1.812451183795929,0.4528985507246377,0,0.2455132901668548,0.2183559238910675,0.1454488337039947,-0.0615319013595581,0.972989559173584,0.9916931986808776
Co-culture,IFNGR1,400,0.0598415209710244,0.3664042353630066,0.4075,0,0.1110168471932411,0.1005134731531143,0.0997968986630439,-0.0715416446328163,0.9043979644775392,0.8681280016899109
Co-culture,IFNGR2,400,0.063978935051652,0.3956282138824463,0.455,0,0.0618445798754692,0.0158871430903673,0.0040003578178584,-0.0082970084622502,0.9700381755828856,0.9337700605392456
Co-culture,ILF2,45,0.0703967353231483,1.4280581176280975,0.4222222222222222,0,0.1287451684474945,-0.164930909872055,-0.1853814423084259,-0.2653942406177521,0.3828447461128235,0.456652820110321
Co-culture,IRF3,284,0.0765856537728368,1.85453736782074,0.4401408450704225,0,0.1690291762351989,0.1158027499914169,0.0943985357880592,-0.09778793156147,1.0452470779418943,1.0347137451171875
Co-culture,IRF4,231,0.0708359236961267,1.8564226031303408,0.3679653679653679,0,0.2505525350570678,0.3081546127796173,0.2610352039337158,-0.0172761064022779,1.026468276977539,0.983407974243164
Co-culture,ISYNA1,198,0.0740408003906816,1.8098536133766172,0.4292929292929293,0,0.1349050849676132,0.1609955728054046,0.0945330113172531,-0.1673222631216049,0.8958827257156372,0.944881021976471
Co-culture,ITGA3,265,0.0640486311819971,1.8918851017951963,0.4641509433962264,0,-0.0419785343110561,0.0807165950536727,0.1309329569339752,0.2647545337677002,-0.7874723672866821,-0.8381304144859314
Co-culture,JAK1,400,0.0635623354662222,0.4882932305335998,0.25,0,1.2264199256896973,1.5178189277648926,1.5541975498199463,0.3300630152225494,0.1118018925189971,0.0634053945541381
Co-culture,JAK2,400,0.0557514999828205,0.3372467756271362,0.4675,0,0.0640024095773696,0.0922048091888427,0.0650205314159393,-0.0365855209529399,0.9231630563735962,0.8812674283981323
Co-culture,JMJD7,351,0.0650145608159608,1.884540855884552,0.4301994301994302,0,0.1734300851821899,0.1012316942214965,0.026062935590744,-0.0582229271531105,0.9631284475326538,0.9560096263885498
Co-culture,JPT1,185,0.0606809491504759,1.8053856492042544,0.4378378378378378,0,0.056189551949501,0.2269087731838226,0.27695032954216,0.2358080148696899,-0.8168342113494873,-0.863977313041687
Co-culture,KCNN4,265,0.0709830370721929,1.857817888259888,0.4528301886792453,0,0.2180206030607223,0.2546907663345337,0.2057841420173645,-0.1843461990356445,0.806483268737793,0.8814994096755981
Co-culture,KDR,284,0.0723460292989822,1.8776205778121948,0.4330985915492957,0,0.1954604685306549,0.1409032344818115,0.097214937210083,0.0643811970949173,1.0031970739364624,1.0004494190216064
Co-culture,KLF4,242,0.0728955831087186,1.8289120197296145,0.4876033057851239,0,0.1332982927560806,0.0784425511956214,0.0225130468606948,-0.0769591480493545,1.0607166290283203,1.0249425172805786
Co-culture,LAMP2,303,0.0746311302518358,1.8887077569961548,0.4422442244224422,0,0.1086732894182205,0.0930473506450653,0.0829047411680221,-0.077834278345108,1.0585722923278809,1.007021427154541
Co-culture,LCP1,304,0.0684313814557271,1.8644620180130005,0.4473684210526316,0,0.0949983447790145,0.0422608032822608,-0.0142590077593922,-0.1000467836856842,1.000567078590393,1.009138107299805
Co-culture,LEF1-AS1,288,0.0696105564467751,1.898869216442108,0.4826388888888889,0,0.0397310853004455,-0.0355150029063224,-0.0504551865160465,-0.1652827560901641,0.9653943181037904,0.9576945304870604
Co-culture,LGALS3,197,0.0708374287290359,1.814679503440857,0.4974619289340101,0,-0.0837577134370803,-0.1797946691513061,-0.2345437407493591,-0.0373901836574077,1.0460443496704102,0.9670252203941344
Co-culture,LGALS3BP,219,0.0770357976762022,1.776575207710266,0.3744292237442922,0,0.2518671154975891,0.2276710420846939,0.2023892551660537,-0.1059891730546951,0.9058189392089844,1.00075364112854
Co-culture,LINC00518,292,0.0745052112729051,1.9113023281097408,0.3698630136986301,0,0.1559463888406753,0.1549166440963745,0.0757226273417472,-0.1645402163267135,1.0312995910644531,1.0521878004074097
Co-culture,LRPAP1,285,0.0714319467860049,1.8645420670509336,0.4421052631578947,0,0.1431202292442321,0.1872640699148178,0.1271968334913253,-0.150931030511856,0.9779733419418336,1.0231586694717407
Co-culture,LRRC75A-AS1,199,0.073465602588818,1.8665985465049744,0.4773869346733668,0,-0.0166938155889511,0.0624374002218246,0.1061368808150291,0.1768178045749664,-0.9378553628921508,-0.8847132325172424
Co-culture,LY96,280,0.0657997739274775,1.7945366501808169,0.4357142857142857,0,0.2000675797462463,0.1390117704868316,0.1199271231889724,-0.0576905757188797,0.9476772546768188,0.910786509513855
Co-culture,MC1R,241,0.0707408564060055,1.870272159576416,0.4771784232365145,0,0.2335226237773895,0.1936704516410827,0.1516111493110656,-0.0820206478238105,0.9937926530838012,0.9634766578674316
Co-culture,MDH2,200,0.0803644453592864,1.790443241596222,0.42,0,0.201762169599533,0.2275530993938446,0.203029602766037,-0.1233441084623336,1.0004218816757202,1.0466134548187256
Co-culture,MFGE8,325,0.0697877599973658,1.913784503936768,0.4769230769230769,0,0.1952169388532638,0.0941572040319442,0.0582850202918052,-0.0709734559059143,0.9847464561462402,0.9202090501785278
Co-culture,MIA,273,0.0704255444091312,1.8860613107681277,0.4542124542124542,0,0.1053280085325241,0.0276962555944919,-0.0072542009875178,-0.1840349435806274,0.9421261548995972,0.9379221200942992
Co-culture,MRPL47,107,0.0705783476572233,1.4468902945518494,0.4205607476635514,0,0.0423544012010097,-0.0419297665357589,-0.0107284542173147,0.292100042104721,-0.8531820774078369,-0.9230798482894896
Co-culture,MT2A,183,0.0620955630954709,1.794250786304474,0.4808743169398907,0,0.0135706681758165,0.053969170898199,0.1296886652708053,0.1448097378015518,-0.8887205719947815,-0.904337763786316
Co-culture,MYC,77,0.1076882769867602,1.435802161693573,0.3376623376623376,0,0.1185852736234664,0.121038869023323,0.079862892627716,-0.1443729102611541,1.257827877998352,1.3146684169769287
Co-culture,NCL,45,0.0883418786299921,1.5564199686050415,0.3111111111111111,0,-0.5599832534790039,-0.3204314112663269,-0.3789281249046325,0.2597222030162811,0.5144774317741394,0.444060206413269
Co-culture,NDUFA13,97,0.0598576668009862,1.5141361355781555,0.2268041237113402,0,0.3139663338661194,0.5673571825027466,0.6614856719970703,0.1133704558014869,-0.5786192417144775,-0.6465610861778259
Co-culture,NEAT1,215,0.0785909214172413,1.818183422088623,0.427906976744186,0,0.1910398006439209,0.1608880311250686,0.1482292264699936,-0.1404905468225479,0.9320449829101562,0.986890435218811
Co-culture,NGFR,203,0.0762067337652389,1.8713082075119016,0.4729064039408867,0,-0.0949629172682762,0.1283076852560043,0.1788479536771774,0.1280701458454132,-0.9264070987701416,-0.9316881895065308
Co-culture,NME1,205,0.0787193838101357,1.8185575008392332,0.3853658536585366,0,0.0199153274297714,0.0732122659683227,-0.0068979174830019,-0.0731680542230606,1.013327717781067,1.0494346618652344
Co-culture,NMRK1,253,0.0668721854088527,1.8460214138031008,0.4308300395256917,0,0.0503221862018108,0.1034498661756515,0.0407241657376289,-0.0807049199938774,0.9975693225860596,0.9355995655059814
Co-culture,NOLC1,100,0.0788118610338434,1.7157184481620789,0.43,0,0.195593774318695,0.1672330796718597,0.0587422624230384,-0.1038023084402084,1.108840823173523,0.985171914100647
Co-culture,NONO,213,0.0749597170628987,1.7578960061073303,0.4647887323943662,0,0.138835608959198,0.058566927909851,-0.0126829463988542,-0.2109857499599456,0.9772138595581056,1.0430495738983154
Co-culture,NPC1,284,0.0567966683728489,1.5983529090881348,0.2394366197183098,0,-0.2033366560935974,-0.0986760407686233,-0.0220058653503656,0.4139093160629272,-0.2128291428089141,-0.3651480972766876
Co-culture,NPC2,267,0.0669820471124905,1.8840795159339905,0.3820224719101123,0,0.3591027557849884,0.3283507823944092,0.2779146432876587,-0.0475911125540733,0.94772070646286,0.9016700983047484
Co-culture,NSG1,222,0.0671999183749098,1.865042209625244,0.4234234234234234,0,0.1928452104330063,0.1420779228210449,0.0843592882156372,-0.0700175687670707,1.0512564182281494,0.9689671993255616
Co-culture,NT5E,297,0.0711542532415188,1.9124391078948972,0.4646464646464646,0,0.0055001238361001,0.1955195069313049,0.2687207460403442,0.0104425325989723,-0.9876370429992676,-0.9927396178245544
Co-culture,NUP50-AS1,262,0.0808176546552991,1.852916955947876,0.3969465648854962,0,0.017859648913145,0.0534604638814926,-0.0128067843616008,-0.0658169910311698,1.0257525444030762,1.017820119857788
Co-culture,P2RX4,89,0.0637184396312456,1.6178687810897827,0.3595505617977528,0,0.0847967863082885,0.0947066396474838,0.0238420739769935,-0.2008638978004455,0.8301494121551514,0.8631856441497803
Co-culture,PABPC1,85,0.078335668421963,1.353632241487503,0.388235294117647,0,-0.2886349558830261,-0.1613353192806244,-0.1088329032063484,0.320187509059906,-0.691164493560791,-0.7480040192604065
Co-culture,PAICS,61,0.0750709300795843,1.4972586631774902,0.4590163934426229,0,-0.3399965167045593,-0.5132271647453308,-0.5300143957138062,-0.0891864597797393,0.8602637052536011,0.8638837337493896
Co-culture,PET100,88,0.0858593660047179,1.6273823976516724,0.4659090909090909,0,-0.0088920015841722,-0.1916696429252624,-0.3058868646621704,0.0585952028632164,1.1607009172439575,1.076796531677246
Co-culture,PFDN4,220,0.0571074644902695,1.7493003010749817,0.4681818181818182,0,-0.2099968791007995,-0.2514870762825012,-0.3367248177528381,-0.160977154970169,0.8292174339294434,0.7766226530075073
Co-culture,PFN1,120,0.0792706326081414,1.5933687090873718,0.4,0,0.1662662476301193,0.2472733259201049,0.2065565586090088,-0.0648248791694641,0.9072076082229614,1.021149516105652
Co-culture,PIK3IP1,218,0.0734447916269507,1.8426570296287537,0.4908256880733945,0,0.1236484944820404,0.0360412299633026,-0.0683462768793106,-0.0328301265835762,1.01801598072052,0.9854739904403688
Co-culture,PPIA,209,0.0744787750418099,1.8025947213172917,0.4019138755980861,0,0.1391713321208953,0.1078674793243408,0.0281558446586132,-0.1525444090366363,1.0623654127120972,1.0627477169036863
Co-culture,PROS1,203,0.0603905393589965,1.7857661843299866,0.2660098522167488,0,-0.246046096086502,-0.2348096966743469,-0.2279708981513977,0.3515965640544891,0.0069547202438116,-0.1286799907684326
Co-culture,PSAP,280,0.0779852586606294,1.8398035168647768,0.4392857142857143,0,0.1346151232719421,0.0767919048666954,0.0378536283969879,-0.2009178251028061,1.005107045173645,1.0473002195358276
Co-culture,PSMB8-AS1,216,0.0809338171758025,1.8427532315254207,0.4351851851851852,0,0.0169352106750011,0.2418236434459686,0.2766623497009277,0.0637818574905395,-1.008920669555664,-0.9786741137504578
Co-culture,PTMA,259,0.076489555972502,1.7193869948387146,0.4826254826254826,0,0.0344490818679332,-0.0526681169867515,-0.1324889361858368,-0.1720273196697235,1.008752942085266,0.9892641305923462
Co-culture,PUF60,70,0.0953267296342509,1.691935122013092,0.4,0,-0.0347970835864543,-0.0613066330552101,-0.1255629658699035,-0.0392830446362495,1.0313845872879028,1.0951721668243408
Co-culture,PYGB,179,0.0693979666809205,1.818630874156952,0.4972067039106145,0,0.1517171263694763,0.111164391040802,0.0677459388971328,-0.1639373451471328,0.9255874156951904,0.9309848546981812
Co-culture,RAB27A,249,0.0727137948166899,1.894375562667847,0.4939759036144578,0,-0.1757304966449737,-0.1427736282348632,-0.0975047349929809,0.140663206577301,-0.8863052725791931,-0.9062734842300416
Co-culture,RB1,303,0.0668131582220121,1.8081603050231931,0.4653465346534653,0,0.208321064710617,0.1336945593357086,0.0799948573112487,0.0455824211239814,0.9704327583312988,0.941419243812561
Co-culture,RBP7,240,0.0782931423401673,1.8720253109931944,0.4708333333333333,0,0.1909690201282501,0.3406161069869995,0.2788145244121551,-0.1229961887001991,1.073262333869934,1.0108320713043213
Co-culture,RNASEH2A,60,0.0678347394888931,1.4853160679340365,0.2833333333333333,0,0.2901217341423034,0.4713391065597534,0.4302311539649963,-0.237087681889534,0.6794787645339966,0.8269750475883484
Co-culture,RNF213,205,0.0770408456747383,1.874819040298462,0.4634146341463415,0,0.2251933217048645,0.2377515435218811,0.1814786195755005,-0.0861256271600723,0.9969365000724792,1.0111349821090698
Co-culture,ROMO1,45,0.1160835586461521,1.559147834777832,0.4222222222222222,0,-0.3400799632072449,-0.5365171432495117,-0.59321129322052,-0.0804823637008667,1.2746198177337646,1.2044878005981443
Co-culture,RPSA,120,0.0630117496603953,1.4549054503440857,0.1416666666666666,0,0.3322599232196808,0.4488199353218078,0.4628545045852661,0.4642543196678161,-0.6700823307037354,-0.6686323285102844
Co-culture,RRS1,66,0.0809602156683635,1.5691400170326233,0.4545454545454545,0,0.1918459832668304,0.2555236518383026,0.1974916309118271,-0.0180543735623359,0.9908487796783448,1.0508501529693604
Co-culture,RTP4,281,0.0646694728875104,1.898193359375,0.498220640569395,0,-0.1492671370506286,-0.0457919090986251,0.0130093516781926,0.0704772174358367,-0.9352234601974488,-0.8797962665557861
Co-culture,S100A6,240,0.0638658755731084,1.85455185174942,0.3541666666666667,0,0.0583821833133697,0.12530417740345,0.0679432079195976,-0.0939283967018127,1.058159589767456,1.0024263858795166
Co-culture,S100B,216,0.0733188140323665,1.860167145729065,0.4675925925925926,0,0.3312330245971679,0.1723448634147644,0.1326013505458831,-0.1612882018089294,0.8838083744049072,0.9549133777618408
Co-culture,SAT1,212,0.0665572765697806,1.7680600881576538,0.3679245283018867,0,-0.4413730800151825,-0.4847843945026397,-0.5083491206169128,0.2222116142511367,0.3096309602260589,0.1864598989486694
Co-culture,SCARB2,213,0.0716350102452482,1.864851474761963,0.4835680751173709,0,0.1217032298445701,0.1083083301782608,0.059647649526596,-0.1212221607565879,0.9886345267295836,0.9455013871192932
Co-culture,SDC3,270,0.0660885184189773,1.8616101741790767,0.4666666666666667,0,0.1303222775459289,-0.0569002628326416,-0.1143602132797241,-0.0211653467267751,0.951030433177948,0.9397177696228028
Co-culture,SDCBP,243,0.0595063681629285,1.8153316378593445,0.4032921810699588,0,0.1308901906013488,0.0641964972019195,0.029125390574336,-0.0951600819826126,0.8992195129394531,0.8658202886581421
Co-culture,SEC11C,220,0.0689496626950371,1.7989920377731323,0.3409090909090909,0,0.2236829698085785,0.3238099217414856,0.2728433012962341,-0.1520988643169403,0.9556708335876464,0.995098888874054
Co-culture,SERPINA3,182,0.0798055521279975,1.881312310695648,0.4615384615384615,0,-0.1502190977334976,-0.0637229532003402,-0.0389425233006477,0.2879388332366943,-0.9215428829193116,-0.9604468941688538
Co-culture,SERPINE2,189,0.0645429818485566,1.7059411406517029,0.4603174603174603,0,0.0419554449617862,-0.0103616379201412,-0.0618164837360382,-0.1162747517228126,0.7678064703941345,0.7899736166000366
Co-culture,SERPINF1,237,0.0715486525308344,1.8870245814323423,0.379746835443038,0,0.1640042513608932,0.0322978012263774,0.0142414532601833,-0.0245094448328018,0.948754906654358,0.9764582514762878
Co-culture,SET,166,0.0764811370497727,1.7461410164833069,0.4337349397590361,0,0.1225695461034774,0.1818574965000152,0.142982929944992,-0.1057081520557403,0.9843641519546508,0.9796720147132874
Co-culture,SGK1,210,0.0698881992252982,1.8438562154769895,0.4285714285714285,0,0.1280803233385086,0.0140306949615478,-0.0772778540849685,-0.1483148634433746,0.9384673833847046,0.8994014263153076
Co-culture,SHMT2,156,0.0760591671060252,1.7530394792556765,0.4615384615384615,0,0.1809004098176956,0.2140876054763794,0.2888863682746887,-0.0533542335033416,-0.904167890548706,-0.9488175511360168
Co-culture,SINHCAF,126,0.0809060742975944,1.6282211542129517,0.492063492063492,0,-0.234580397605896,-0.2168045938014984,-0.1539085507392883,0.0409678891301155,-0.9405288696289062,-0.9374356865882874
Co-culture,SLC19A1,193,0.0705418449913034,1.8358964323997495,0.4922279792746113,0,-0.1611251384019851,-0.1641574054956436,-0.1191713735461235,0.0668928921222686,-1.0117464065551758,-0.9793344736099244
Co-culture,SLC22A18,294,0.0642314841949529,1.86348557472229,0.4659863945578231,0,0.1942658573389053,0.2167892754077911,0.1858010292053222,-0.0959711074829101,0.9149104952812196,0.9120277166366576
Co-culture,SLC25A13,257,0.0704949770371324,1.8843794465065,0.4941634241245136,0,0.1825089454650879,0.1792307943105697,0.147190660238266,-0.0573179014027118,1.0027453899383545,0.9595546722412108
Co-culture,SLC26A2,247,0.0626985220926435,1.8433082103729248,0.4615384615384615,0,-0.0605243071913719,0.064257875084877,0.1354002803564071,0.0831048861145973,-0.9098970293998718,-0.8976956009864807
Co-culture,SLC5A3,260,0.0675623966846205,1.8723336458206177,0.3923076923076923,0,0.2384662330150604,0.1904624849557876,0.1636810898780822,-0.1795543730258941,1.009765625,0.9396256804466248
Co-culture,SLC7A5P1,198,0.0745407006161785,1.850168347358704,0.398989898989899,0,0.1815409362316131,0.0962333083152771,0.0197774749249219,-0.0793919712305069,0.9761245250701904,1.0582199096679688
Co-culture,SLIRP,148,0.076717989473319,1.5278983116149902,0.4459459459459459,0,-0.0579524040222168,-0.1463900655508041,-0.2101948261260986,-0.1061274856328964,1.0317418575286863,1.0809664726257324
Co-culture,SMAD3,272,0.0734648744980471,1.8312366008758545,0.4007352941176471,0,0.0374954491853714,0.0056053437292575,-0.0221271682530641,-0.0660195723176002,0.996329426765442,1.0262595415115356
Co-culture,SMAD4,210,0.068881474461642,1.6675065755844116,0.4619047619047619,0,0.1323991864919662,0.1543913334608078,0.0883417651057243,0.0482589229941368,0.9567369222640992,0.8982565999031067
Co-culture,SNHG6,198,0.0763962618364987,1.786371111869812,0.404040404040404,0,0.0442926064133644,0.0280705504119396,-0.0349135026335716,-0.1627655923366546,1.0056958198547363,1.0553492307662964
Co-culture,SOX4,220,0.0828968130527354,1.7926146984100342,0.4909090909090909,0,0.120508000254631,-0.0096180383116006,-0.0882494896650314,-0.1476301699876785,1.081947684288025,1.111739993095398
Co-culture,SP100,237,0.0688147925836439,1.6835247874259949,0.3966244725738396,0,0.0628302618861198,0.200374037027359,0.1300019323825836,-0.102525770664215,0.9469599723815918,0.9603963494300842
Co-culture,SPESP1,226,0.0756077138991758,1.7593153715133667,0.3805309734513274,0,0.2002776563167572,0.1154322773218154,0.0405371151864528,-0.197950929403305,1.065859317779541,1.0601428747177124
Co-culture,SPINT1,235,0.0746147169819894,1.8738779425621035,0.3489361702127659,0,0.1924457848072052,0.2587451636791229,0.2192450761795044,-0.0891000553965568,0.9216917753219604,0.9937735795974731
Co-culture,SSR2,152,0.0597089000833893,1.7469297647476196,0.4276315789473684,0,-0.0703024417161941,-0.088470347225666,-0.1293841898441314,-0.0929695442318916,0.9655566811561584,0.8877092599868774
Co-culture,ST3GAL6-AS1,221,0.0798164829956241,1.84934675693512,0.4389140271493212,0,0.1042512506246566,-5.6829019740689546e-05,-0.0497901141643524,-0.2211013883352279,0.9379376173019408,0.9746215343475342
Co-culture,ST6GALNAC2,157,0.0726982693345202,1.8391785621643064,0.4331210191082802,0,0.040498249232769,-0.0197427999228239,-0.065239667892456,0.0115664973855018,1.068365216255188,0.957984983921051
Co-culture,STAT1,386,0.0661128296839173,0.3381528854370117,0.4715025906735751,0,-0.0092520862817764,0.0051849749870598,-0.0203218162059783,-0.1083756685256958,0.8921422958374023,0.9233347177505492
Co-culture,STAT3,191,0.0669849975767018,1.740580677986145,0.4450261780104712,0,0.0427950769662857,-0.0021492540836334,-0.0247804932296276,-0.1500880569219589,0.9211227893829346,0.9332476258277892
Co-culture,STOM,235,0.069497592631004,1.8441768288612368,0.3361702127659574,0,0.352994441986084,0.2811200022697449,0.2270615249872207,-0.0772455483675003,0.9270832538604736,0.9653244614601136
Co-culture,STX7,213,0.0774489327939277,1.835761606693268,0.4272300469483568,0,0.1083855703473091,0.0555778257548809,0.0120851919054985,-0.1646972000598907,0.9220776557922364,0.9976660013198853
Co-culture,TAPBP,169,0.0834904624049763,1.8627987504005432,0.4142011834319526,0,0.0192567221820354,0.1163702309131622,0.0546235740184783,-0.2179925441741943,1.1441221237182615,1.1137911081314087
Co-culture,TAPBPL,236,0.0785126047273276,1.8420358300209043,0.4703389830508475,0,0.1351765096187591,0.0227767489850521,-0.0385803431272506,-0.1175765842199325,0.9861173629760742,0.9933738708496094
Co-culture,TFAP2A,234,0.0672679469311583,1.81512713432312,0.4572649572649572,0,0.1083771735429763,-0.0131970299407839,-0.0488539487123489,-0.0446478202939033,0.9322363138198853,0.919330358505249
Co-culture,TGFB1,270,0.0726365140475019,1.9046782851219175,0.4814814814814814,0,0.1141863912343978,-0.0056831985712051,-0.057064127177,-0.2180869579315185,1.012399196624756,1.0021108388900757
Co-culture,TIMM50,108,0.062647104669462,1.7549962997436523,0.3981481481481481,0,0.1918538063764572,0.1191958636045456,0.0720990002155304,-0.1506743431091308,0.9076740741729736,0.9194765090942384
Co-culture,TIMP1,239,0.0805521200834236,1.7664137482643127,0.4351464435146444,0,0.3109502494335174,0.3010846674442291,0.2657009363174438,-0.0966803878545761,1.0460236072540283,1.0672316551208496
Co-culture,TIMP2,161,0.0729413069475098,1.8285704255104065,0.4658385093167702,0,0.2240157127380371,0.2167800664901733,0.1486040949821472,-0.1726995557546615,0.82078617811203,0.9452821612358092
Co-culture,TIMP3,204,0.0708810976109105,1.861741542816162,0.4362745098039216,0,-0.0218728780746459,-0.21879842877388,-0.2728571891784668,-0.1564612984657287,0.9261778593063354,0.9870444536209106
Co-culture,TM4SF1,218,0.070399911253901,1.7779971361160278,0.4908256880733945,0,0.0591397807002067,-0.0056367060169577,-0.0287757795304059,-0.1377798467874527,0.9344251155853271,0.945598840713501
Co-culture,TMED10,43,0.1052907185315831,1.4635465443134308,0.3488372093023256,0,0.05797129124403,0.0539325475692749,-0.0022770988289266,-0.2419029027223587,1.169757604598999,1.2226461172103882
Co-culture,TMEM173,217,0.0767307655816676,1.7322795391082764,0.4331797235023041,0,0.1564202010631561,0.0356999263167381,-0.0001851245178841,-0.0427318178117275,0.9819728136062622,0.9986203908920288
Co-culture,TOP1MT,190,0.0710511845417384,1.7310561537742617,0.4,0,0.2007752954959869,0.1473135352134704,0.0863373130559921,-0.0514983087778091,0.9511762857437134,1.0660549402236938
Co-culture,TP53,191,0.0830669605735068,1.7673898339271543,0.4764397905759162,0,0.1296231895685196,0.0623463913798332,0.0099142640829086,-0.1601311266422271,0.9864449501037598,1.0319594144821167
Co-culture,TPP1,206,0.0706893557117431,1.8500067591667173,0.3834951456310679,0,0.117888867855072,0.1629149317741394,0.1329905390739441,-0.120922565460205,1.0755863189697266,1.0144054889678955
Co-culture,TPRKB,74,0.1329815473357988,1.040347333997488,0.2567567567567567,0,-0.1340968608856201,0.2999241352081299,0.3141871690750122,-0.0323869325220584,-0.4707119464874267,-0.7048187851905823
Co-culture,TRIM22,161,0.0814754513495351,1.8507644534111023,0.484472049689441,0,0.0963482409715652,-0.0610687285661697,-0.0907177180051803,-0.0978166610002517,1.021376609802246,1.0733062028884888
Co-culture,TSC22D3,260,0.0746277522254597,1.857713520526886,0.4923076923076923,0,-0.0888470709323883,-0.1716212332248687,-0.2327626347541809,-0.0669982582330703,1.0145342350006104,1.0261844396591189
Co-culture,TTLL1,233,0.0674758893484117,1.849184513092041,0.463519313304721,0,0.2219672501087188,0.2582208812236786,0.2089068740606308,-0.0302847698330879,0.8907657861709595,0.9209191799163818
Co-culture,TXNDC17,144,0.06142009748669,1.279141217470169,0.4583333333333333,0,-0.2687473595142364,-0.2035362422466278,-0.1483775079250335,0.1058483272790908,-0.9013985991477966,-0.8359787464141846
Co-culture,TYR,259,0.0639543808198093,1.862183511257172,0.3745173745173745,0,0.1615359038114547,0.1785327196121215,0.1625251919031143,-0.1231136173009872,0.9261404275894164,0.9755126237869264
Co-culture,UBC,75,0.0655211718871325,1.5330743789672852,0.48,0,0.0925630331039428,0.0022148001007735,0.0125379618257284,-0.1342796683311462,-0.4350232779979706,-0.4144728183746338
Co-culture,UCN2,170,0.0758053126468773,1.7459716796875,0.4647058823529412,0,0.176493227481842,0.1869497001171112,0.1086150407791137,-0.2302425503730774,0.8652582764625549,0.9057188034057616
Co-culture,UQCRFS1,108,0.0794032936643879,1.7667503952980042,0.4722222222222222,0,0.0415052846074104,-0.1081987619400024,-0.1904965043067932,-0.0440099537372589,1.0283862352371216,1.0535160303115845
Co-culture,UQCRH,75,0.1011157103190527,1.7292601466178894,0.4666666666666667,0,-0.1551645994186401,-0.0469398573040962,-0.0119148306548595,0.1308802962303161,-1.038957118988037,-1.1398472785949707
Co-culture,VAT1,154,0.0720294356700488,1.839769423007965,0.4805194805194805,0,0.2331398874521255,0.1162278056144714,0.0455904379487037,-0.316194623708725,0.8540927171707153,0.8652722239494324
Co-culture,VDAC2,235,0.067505129060891,1.77488911151886,0.4680851063829787,0,-0.0059112096205353,-0.1271588206291198,-0.1752005964517593,-0.2776188850402832,0.925167977809906,0.9070169925689696
Co-culture,WBP2,225,0.0724280956719016,1.8019660115242004,0.4444444444444444,0,0.1928910613059997,0.2323233783245086,0.1792007088661193,0.0299100019037723,0.989328384399414,1.0249207019805908
Co-culture,WNT7A,189,0.0658497593946446,1.8123180866241453,0.492063492063492,0,0.1551639139652252,-0.0196681022644042,-0.057239681482315,0.0161693692207336,0.9406859874725342,0.8416319489479065
Co-culture,XAGE1A,143,0.0701615518640602,1.748776912689209,0.3426573426573426,0,0.0197762381285429,0.0163959022611379,-0.0502580553293228,-0.028157003223896,1.055029273033142,0.9802676439285278
IFNγ,A2M,400,0.0553040820300425,1.8265366554260252,0.32,0,0.088542953133583,0.1044844835996627,0.0809204429388046,-0.2011201381683349,1.044591188430786,0.97055584192276
IFNγ,ACSL3,225,0.0495792984761667,1.7841458916664124,0.2266666666666666,0,-0.152269184589386,-0.135482519865036,-0.1244189366698265,-0.0762991607189178,1.17064368724823,0.9642928838729858
IFNγ,ACTA2,400,0.0539382250962549,1.8096654415130613,0.3,0,-0.0816237851977348,-0.0664974749088287,-0.0585201010107994,-0.2180555760860443,1.0858705043792725,0.98126220703125
IFNγ,AEBP1,400,0.0540698373541629,1.6570367217063904,0.2375,0,0.0331936478614807,0.071246862411499,0.0767516642808914,-0.1710728108882904,1.2273366451263428,1.1097614765167236
IFNγ,AGA,400,0.0622264310618864,1.8485561609268188,0.3825,0,0.0233984142541885,0.0398128926753997,0.0465233661234378,-0.268227756023407,1.080477952957153,1.0471813678741455
IFNγ,AHNAK,400,0.0547995870512112,1.8238099217414856,0.3225,0,0.0616358257830143,0.0562942773103714,0.0538565590977668,-0.115211546421051,1.1409145593643188,0.9863832592964172
IFNγ,APOC2,400,0.0531124455791762,1.774121344089508,0.3225,0,-0.0577017962932586,-0.0788677558302879,-0.0610481016337871,-0.1470393538475036,1.0762336254119873,0.9994608163833618
IFNγ,APOD,400,0.0604734850992687,1.785595953464508,0.23,0,0.0645916685461998,0.1403560191392898,0.1454341858625412,-0.2126618772745132,1.286122441291809,1.162788152694702
IFNγ,APOE,400,0.064605655725241,1.774965226650238,0.2975,0,0.0699208453297615,0.0678912550210952,0.0758551210165023,-0.1705242097377777,1.121095895767212,1.1076580286026
IFNγ,ARMC6,376,0.0622994772096686,1.8111088871955872,0.3803191489361702,0,0.0039764214307069,0.0028042041230946,-0.0097120627760887,-0.2248856425285339,1.0201061964035034,0.9897971153259276
IFNγ,ATP1B1,400,0.0593194184662472,1.8194355964660645,0.3275,0,0.0703137665987014,0.1355961561203003,0.1240126937627792,-0.1471901983022689,1.157681941986084,1.0983089208602903
IFNγ,ATP5MD,246,0.0618079657775538,1.6157626509666445,0.2195121951219512,0,0.1445383876562118,0.1818540245294571,0.2015037983655929,-0.2485525757074356,1.2058849334716797,1.1992796659469604
IFNγ,B2M,400,0.0637994028586863,1.6819140911102295,0.3325,0,0.0095078460872173,-0.0438317544758319,-0.0317275151610374,-0.1858008652925491,1.091584324836731,1.0557184219360352
IFNγ,BOLA2,293,0.0589832460709502,1.7268617153167725,0.2798634812286689,0,0.1961773633956909,0.1883992403745651,0.2120383530855178,-0.1732931435108184,1.164336919784546,1.090927004814148
IFNγ,BOLA2B,269,0.0549775661121723,1.7723342776298523,0.3085501858736059,0,0.1128918975591659,0.080561950802803,0.1082856431603431,-0.160107672214508,1.140615701675415,0.9991469383239746
IFNγ,BZW2,366,0.0628060621592829,1.8368247747421265,0.3360655737704918,0,-0.0001978549407795,0.0308031048625707,0.0482374280691146,-0.291965126991272,1.0483744144439695,1.0011354684829712
IFNγ,C19orf48,400,0.0695575180158432,1.800427496433258,0.365,0,0.1554377377033233,0.1341099441051483,0.1323880553245544,-0.2210513353347778,1.071486234664917,1.1133664846420288
IFNγ,C1QBP,301,0.0682028391578285,1.5977584719657898,0.2757475083056478,0,0.1632898300886154,0.1287818402051925,0.131683737039566,-0.1972527951002121,1.2413872480392456,1.166640281677246
IFNγ,C6orf226,400,0.0567266595785179,1.8066816329956052,0.2725,0,0.0768694579601287,0.0822750851511955,0.087348386645317,-0.2089409977197647,1.0519360303878784,1.053011178970337
IFNγ,CCND1,271,0.0649867046203406,1.7259939312934875,0.2619926199261992,0,-0.0081827519461512,-0.0560986958444118,-0.0200363658368587,-0.2628155648708343,1.2155630588531494,1.0188277959823608
IFNγ,CCND2,400,0.0581548170903781,1.839556872844696,0.33,0,0.0467787310481071,0.1422011107206344,0.1376722455024719,-0.2175727188587188,1.125241756439209,0.9991162419319152
IFNγ,CCR10,394,0.0591019943793692,1.804244875907898,0.3197969543147208,0,0.0519409328699111,0.0348834954202175,0.0301706530153751,-0.1424852609634399,1.1641404628753662,1.054793357849121
IFNγ,CCT3,73,0.0698788998210329,1.5897875428199768,0.2465753424657534,0,0.0199558176100254,-0.0266920439898967,-0.0723493695259094,-0.1233169734477996,1.2831332683563232,1.2446892261505127
IFNγ,CD151,367,0.0586027067948084,1.849698781967163,0.2724795640326976,0,0.0822199508547782,0.0534866861999034,0.0529427379369735,-0.1450118124485016,1.2615790367126465,1.1847054958343506
IFNγ,CD274,400,0.0568565955874244,1.8060738444328308,0.2225,0,0.2228542119264602,0.307673305273056,0.3014611005783081,-0.1225995346903801,1.2426843643188477,1.1828298568725586
IFNγ,CD44,400,0.0611371876338849,1.817832887172699,0.3575,0,0.0640243291854858,0.0165628511458635,0.0050754239782691,-0.1886089146137237,1.094009280204773,1.0161672830581665
IFNγ,CD47,400,0.0658278461040884,1.7884414792060852,0.27,0,0.0821511149406433,0.0344658456742763,0.0602035336196422,-0.1732048243284225,1.1065435409545898,1.1661598682403564
IFNγ,CD58,400,0.0660858697345032,1.852666437625885,0.355,0,0.0201565902680158,0.0322809368371963,0.049836054444313,-0.1906356811523437,1.113569974899292,1.141202449798584
IFNγ,CD59,400,0.0625640610914898,1.844318389892578,0.2975,0,0.0483327731490135,0.0605279803276062,0.0638168454170227,-0.1863822638988495,1.1892712116241455,1.160348415374756
IFNγ,CD63,351,0.0513440864773848,1.514697790145874,0.2165242165242165,0,0.0803890526294708,0.1097162887454032,0.1103535592555999,-0.1600548475980758,1.3637436628341677,1.140311360359192
IFNγ,CDC123,136,0.0630970558708031,1.6652356386184692,0.3308823529411764,0,0.2642458081245422,0.272930383682251,0.2601725161075592,-0.0846142396330833,1.112219214439392,1.0771592855453491
IFNγ,CDH19,400,0.0688139279672119,1.82066422700882,0.3375,0,0.1633186042308807,0.1799090653657913,0.1842897534370422,-0.2528074085712433,1.1460298299789429,1.1518582105636597
IFNγ,CDK4,344,0.0610294534196535,1.733293056488037,0.2906976744186046,0,0.0074691725894808,-0.0106802023947238,-0.0136514520272612,-0.1736709475517273,1.1582530736923218,1.0977797508239746
IFNγ,CDK6,196,0.0510588105067187,1.55956369638443,0.2193877551020408,0,0.1218312531709671,0.0506994016468524,0.0229972228407859,-0.0350391454994678,1.453022599220276,1.0897297859191897
IFNγ,CDKN1A,394,0.058896532562477,1.6632984280586245,0.3807106598984771,0,0.0747960060834884,0.0910417065024375,0.0958169847726821,-0.1453132927417755,1.0461556911468506,1.0772616863250732
IFNγ,CDKN2A,394,0.0610386141764546,1.8685534596443176,0.3629441624365482,0,0.04134476557374,0.0131480414420366,0.0207442548125982,-0.159207746386528,1.0840394496917725,1.0381840467453003
IFNγ,CDKN2B,400,0.060668759355843,1.7755696177482605,0.355,0,0.0135865248739719,0.0524218305945396,0.0600884854793548,-0.1494162082672119,1.056442379951477,1.0625157356262207
IFNγ,CGAS,307,0.065219085297045,1.675293266773224,0.3289902280130293,0,0.0216851849108934,0.0691677927970886,0.0756978318095207,-0.2293051481246948,1.1331391334533691,1.1051762104034424
IFNγ,CHCHD2,400,0.0507620532710198,1.80865091085434,0.295,0,-0.0138341505080461,0.0436468422412872,0.0657094419002533,-0.1778424084186554,1.1054365634918213,0.957937479019165
IFNγ,CITED1,400,0.0649288597788604,1.835341453552246,0.28,0,0.0489479042589664,0.0581824034452438,0.0713424980640411,-0.1304177492856979,1.1764349937438965,1.142091155052185
IFNγ,CKS1B,400,0.0571328079091049,1.8041059970855715,0.255,0,0.0051466645672917,0.0316036418080329,0.0399813614785671,-0.2120346128940582,1.174976825714111,1.068144679069519
IFNγ,CMSS1,399,0.0617532323879259,1.7958667278289795,0.2832080200501253,0,0.0823056548833847,0.1068779602646827,0.0894297435879707,-0.2692245543003082,1.1135576963424685,1.117174744606018
IFNγ,CORO1A,372,0.05995224150167,1.8522547483444212,0.3064516129032258,0,0.0494158305227756,0.0783592090010643,0.0742437243461608,-0.1495843380689621,1.1483051776885986,1.0690199136734009
IFNγ,CSPG4,400,0.0568629125835104,1.8627964854240415,0.285,0,0.0941027477383613,0.074166439473629,0.0972755849361419,-0.2225779891014099,1.1883927583694458,1.031211256980896
IFNγ,CST3,273,0.0670516957963883,1.817007601261139,0.3846153846153846,0,0.0961533039808273,0.0238228645175695,0.0148366503417491,-0.2077343314886093,1.0501480102539062,0.9815284013748168
IFNγ,CTPS1,189,0.0578052353076674,1.5517675280570984,0.2857142857142857,0,-0.0886576026678085,-0.1302028894424438,-0.1350777000188827,-0.0294069107621908,1.1561288833618164,1.0300346612930298
IFNγ,CTSA,366,0.0608223688007796,1.8383062481880188,0.3715846994535519,0,-0.0816998183727264,-0.0791779607534408,-0.075335718691349,-0.088087111711502,1.0878251791000366,1.0223145484924316
IFNγ,CTSB,400,0.0615069704807012,1.8402082324028013,0.2725,0,0.0614444389939308,0.0985928326845169,0.082453653216362,-0.1966497004032135,1.2895114421844482,1.212300181388855
IFNγ,CTSD,400,0.0676270041587297,1.7684192657470703,0.2975,0,0.1279611885547638,0.1339541524648666,0.1303452104330063,-0.1315527558326721,1.2678049802780151,1.2244981527328491
IFNγ,CTSL,355,0.0572074288217094,1.5800718069076538,0.3605633802816901,0,0.0632065385580062,0.0826896429061889,0.0998665988445282,-0.121233657002449,1.0765146017074585,1.0328294038772583
IFNγ,CTSO,400,0.061270041400152,1.8080247044563291,0.34,0,0.1185149699449539,0.1602835953235626,0.1709325462579727,-0.1173300743103027,1.1563104391098022,1.0996934175491333
IFNγ,CXCR4,337,0.0631896920996993,1.828000247478485,0.2967359050445103,0,0.0417077913880348,-0.0072306049987673,-0.0078669544309377,-0.222585916519165,1.1208364963531494,1.091313362121582
IFNγ,CYP27A1,354,0.059333932853033,1.8263062834739685,0.3163841807909605,0,0.0364757142961025,0.0235054921358823,-0.0024031123612076,-0.0889132469892501,1.184659481048584,1.0778826475143433
IFNγ,DAG1,322,0.0486814402819398,1.847066879272461,0.2950310559006211,0,-0.1252520680427551,-0.1345338672399521,-0.1247018575668335,-0.2136960327625274,1.0283195972442627,0.918822169303894
IFNγ,DDR1,376,0.068795942816942,1.8524776101112368,0.351063829787234,0,0.1083896458148956,0.1395377218723297,0.1428115665912628,-0.1884698867797851,1.0769191980361938,1.103103518486023
IFNγ,DDX17,307,0.0662443044974987,1.7360693216323853,0.3127035830618892,0,-0.0947633311152458,-0.0893914029002189,-0.09149881452322,-0.029256384819746,1.177046298980713,1.144927144050598
IFNγ,DDX39A,248,0.0634085283084386,1.810951590538025,0.3467741935483871,0,0.0843453481793403,0.076621189713478,0.0522877648472785,-0.2206173688173294,0.997915506362915,0.9484786987304688
IFNγ,DLL3,371,0.0645938123795897,1.83439975976944,0.3153638814016172,0,0.1018611937761306,0.1385421007871627,0.1296715140342712,-0.1204908266663551,1.1202614307403564,1.1172950267791748
IFNγ,DNMT1,140,0.065156352173766,1.6151906847953796,0.4071428571428571,0,-0.1679135113954544,-0.0891010761260986,-0.0560724735260009,0.2962726354598999,-0.3818440437316894,-0.4383378326892853
IFNγ,E2F1,257,0.057675805106243,1.5932823419570925,0.2684824902723735,0,0.130797877907753,0.1671321243047714,0.1832920312881469,-0.2234507203102111,1.1560157537460327,1.0751707553863523
IFNγ,EEA1,296,0.0813274785562237,1.7960343956947329,0.3716216216216216,0,0.1219052374362945,0.086521953344345,0.0913864374160766,-0.1647985726594925,1.2023696899414062,1.2041398286819458
IFNγ,EEF1G,88,0.067723113156724,1.624503254890442,0.4886363636363636,0,0.1998983025550842,0.1066906005144119,0.0885947942733764,-0.024947203695774,0.4892443418502807,0.4761151075363159
IFNγ,EIF3K,319,0.0573499494290608,1.6023855209350586,0.322884012539185,0,-0.0639279931783676,-0.0343739837408065,-0.0121849635615944,-0.1497466117143631,1.153756618499756,1.0055525302886963
IFNγ,EIF4A1,47,0.0933351504016882,1.4906408190727234,0.2553191489361702,0,0.2767694890499115,0.3922958076000213,0.3921495974063873,0.1092640906572341,1.3064496517181396,1.4064050912857056
IFNγ,EMP1,378,0.0618963636066608,1.800920486450195,0.2857142857142857,0,0.072070799767971,0.1316201090812683,0.1399817913770675,-0.3255192935466766,1.1440311670303345,1.150896668434143
IFNγ,ENPP1,351,0.0636177993149513,1.814315915107727,0.3190883190883191,0,-0.0244083479046821,-0.0011600612197071,-0.016102846711874,-0.1418540477752685,1.237776756286621,1.127058506011963
IFNγ,EVA1A,312,0.0484700681580708,1.7928293347358704,0.3044871794871794,0,-0.1215729042887687,-0.1635849922895431,-0.1544114202260971,-0.1086656749248504,1.1036994457244873,0.9490406513214112
IFNγ,FBL,136,0.0641244635839579,1.7167006731033323,0.3088235294117647,0,0.1193776205182075,0.2252293825149536,0.2017620950937271,-0.1605563759803772,1.2190861701965332,1.105558156967163
IFNγ,FBXO32,396,0.0608001409592004,1.7652496099472046,0.3232323232323232,0,0.1653128862380981,0.1710782647132873,0.1735463440418243,-0.1470376551151275,1.116388916969299,1.0934460163116455
IFNγ,FGFR1,400,0.0659920529325996,1.849181652069092,0.2925,0,0.0556515343487262,0.0914802923798561,0.0985002666711807,-0.2111056894063949,1.1997995376586914,1.1950619220733645
IFNγ,FKBP4,282,0.0578123478268761,1.7932245135307312,0.2872340425531915,0,0.0499191731214523,0.0824134945869445,0.0795145779848098,-0.1979482918977737,1.178538203239441,1.0579391717910769
IFNγ,FMN1,400,0.0604852818421987,1.8793443441390991,0.2875,0,-0.0412793233990669,-0.0133572202175855,0.0040922900661826,-0.1740904599428177,1.1740193367004397,1.086195468902588
IFNγ,FOS,280,0.0562870884455961,1.7711158394813538,0.3071428571428571,0,0.1255339384078979,0.1692867279052734,0.1847900599241256,-0.1979130357503891,1.1333074569702148,1.053733229637146
IFNγ,FOXM1,108,0.0854030997123422,1.5764721632003784,0.3888888888888889,0,0.1079311817884445,0.0363190993666648,0.0112193785607814,-0.3439619541168213,1.2151422500610352,1.1703858375549316
IFNγ,FRZB,254,0.0631181881210442,1.815555453300476,0.326771653543307,0,0.0926576405763626,0.1892342269420623,0.1928682327270507,-0.1407487690448761,1.1230072975158691,1.083862543106079
IFNγ,FSTL3,400,0.0631075840716542,1.8682553172111511,0.34,0,0.0534992031753063,0.1358683705329895,0.1362420618534088,-0.1486991494894027,1.1677716970443726,1.093280792236328
IFNγ,FTH1,65,0.0855638249956216,1.480896681547165,0.1846153846153846,0,-0.5310883522033691,-0.2768361866474151,-0.3228620886802673,0.448556125164032,-0.1705920398235321,-0.4257524013519287
IFNγ,GAA,336,0.0605113823965561,1.7575563192367554,0.3363095238095238,0,0.0470514148473739,0.0367881841957569,0.0472458153963089,-0.2487633526325225,1.0507278442382812,1.0577365159988403
IFNγ,GAS5,347,0.0580256040753426,1.806448221206665,0.345821325648415,0,0.0478506460785865,0.0519740432500839,0.0435428395867347,-0.1325130611658096,1.0988606214523315,1.0459578037261963
IFNγ,GPATCH4,260,0.0634875012571764,1.750990629196167,0.3076923076923077,0,0.0049213729798793,0.0346791073679924,0.0228844713419675,-0.2374462783336639,1.1219491958618164,1.159927487373352
IFNγ,GPI,60,0.0443141518716339,0.9516305923461914,0.15,0,0.2117182314395904,0.4915889501571655,0.6204472184181213,-0.1598486304283142,-0.5027944445610046,-0.4696283042430877
IFNγ,GPNMB,306,0.0591625369210673,1.760594666004181,0.2712418300653594,0,0.051199734210968,-0.0654589533805847,-0.0384825840592384,-0.1881429553031921,1.1808066368103027,1.0971907377243042
IFNγ,GRN,333,0.0588318487695065,1.8378565311431885,0.2942942942942942,0,0.0509034171700477,0.0662345141172409,0.0382934361696243,-0.1881707310676574,1.1784571409225464,1.126095175743103
IFNγ,GSEC,169,0.068242543370384,1.6122053265571594,0.2485207100591716,0,0.2069047391414642,0.1572693884372711,0.1985082030296325,-0.1624746322631836,1.3702503442764282,1.3883904218673706
IFNγ,GSN,359,0.0630763325443751,1.864818334579468,0.298050139275766,0,-0.0433627218008041,-0.0263433456420898,-0.0237227007746696,-0.1435841470956802,1.1864278316497805,1.1614015102386477
IFNγ,HASPIN,205,0.0667243438160102,1.7685014605522156,0.3024390243902439,0,0.1530732810497284,0.1503357887268066,0.1344272494316101,-0.1427869945764541,1.207862138748169,1.2147151231765747
IFNγ,HLA-A,387,0.0614792569416391,1.8060787320137024,0.3514211886304909,0,0.0382279381155967,-0.0056124189868569,0.0164734292775392,-0.1872624605894088,1.1026010513305664,1.0613561868667605
IFNγ,HLA-B,223,0.0632954608641362,1.647887885570526,0.242152466367713,0,0.1179476678371429,0.1308548897504806,0.1693482249975204,-0.1098982170224189,1.210898518562317,1.2787363529205322
IFNγ,HLA-C,257,0.0615228304081685,1.4741151034832,0.3385214007782101,0,-0.0589357763528823,-0.0394376628100872,-0.029036272317171,-0.2024103999137878,1.1601457595825195,1.0731256008148191
IFNγ,HLA-DRB5,400,0.067384275466863,1.8192848563194275,0.295,0,0.1160506010055542,0.0891395807266235,0.1059775948524475,-0.2114494889974594,1.1483054161071775,1.1355407238006592
IFNγ,HLA-E,292,0.0605780707417168,1.5110006928443909,0.3184931506849315,0,0.110434390604496,0.1145947575569152,0.1274958252906799,-0.139212965965271,1.1408452987670898,1.044551968574524
IFNγ,HLA-F,350,0.0623072161736846,1.787414848804474,0.3057142857142857,0,0.1030745506286621,0.1474507451057434,0.1534024775028228,-0.2284779846668243,1.120156168937683,1.141060709953308
IFNγ,HLA-H,336,0.0585292984166186,1.6838000416755676,0.2529761904761904,0,0.0913043841719627,0.1650298237800598,0.20023113489151,-0.11995679885149,1.2822320461273191,1.1890406608581543
IFNγ,HNRNPA1,243,0.0716829045683589,1.7750946879386902,0.3333333333333333,0,-0.0015532529214397,0.0395691022276878,0.0425975397229194,-0.1010298654437065,1.174541711807251,1.1290491819381714
IFNγ,HNRNPC,96,0.0628618631179864,1.685279905796051,0.2604166666666667,0,-0.1507690697908401,-0.1651547104120254,-0.1302123367786407,-0.1212679296731948,1.217865824699402,1.0287845134735107
IFNγ,HSPA1A,287,0.0632121592686562,1.703084647655487,0.2857142857142857,0,0.1626098155975341,0.2254442870616912,0.2357141077518463,-0.2573389708995819,1.1366952657699585,1.174614667892456
IFNγ,IDH2,355,0.0619735032820959,1.8099819421768188,0.2957746478873239,0,0.0940730273723602,0.1020356118679046,0.0953374132514,-0.1700615882873535,1.1967589855194092,1.1335448026657104
IFNγ,IDI2-AS1,341,0.0625861498967993,1.7461171746253967,0.2580645161290322,0,0.0954254940152168,0.10214164853096,0.1228416562080383,-0.1756059825420379,1.2200945615768433,1.1343289613723757
IFNγ,IFNGR1,291,0.0673810140798242,0.5817416310310364,0.3024054982817869,0,1.2883342504501345,1.2271889448165894,1.1707360744476318,0.2458201646804809,-0.0728276968002319,-0.0394466519355773
IFNγ,IFNGR2,385,0.0750273246135093,0.3704036474227905,0.3584415584415584,0,1.2884513139724731,1.2584847211837769,1.2051246166229248,0.1798690259456634,-0.0687752440571785,-0.0416262745857238
IFNγ,ILF2,71,0.0720294978432515,1.5787628889083862,0.3943661971830985,0,-0.7262651920318604,-0.7774161696434021,-0.6930657029151917,0.3421843349933624,-0.3107224106788635,-0.3307873904705047
IFNγ,IRF3,317,0.0699824640762831,1.7670475840568542,0.277602523659306,0,0.246597021818161,0.1809765994548797,0.178601861000061,-0.2604685723781585,1.2151319980621338,1.2029199600219729
IFNγ,IRF4,282,0.0636236514179541,1.7988961935043335,0.301418439716312,0,-0.0617629550397396,0.0181365851312875,0.0099675692617893,-0.1971160471439361,1.1797252893447876,1.1492058038711548
IFNγ,ISYNA1,214,0.0729063850582265,1.7373971343040466,0.3317757009345794,0,-0.0855412036180496,-0.0580573417246341,-0.0893490985035896,-0.0906706750392913,1.1958229541778564,1.1354353427886963
IFNγ,ITGA3,286,0.0646000787075296,1.7452714443206787,0.3216783216783216,0,0.171931117773056,0.1901718378067016,0.2304358184337616,-0.1465642899274826,1.2304415702819824,1.1891491413116455
IFNγ,JAK1,338,0.0950565786504175,0.6288524866104126,0.393491124260355,0,1.359306812286377,1.3333261013031006,1.289917230606079,0.2344401776790619,-0.1315179169178009,-0.0765911340713501
IFNγ,JAK2,340,0.0660139137396453,0.3578472733497619,0.3588235294117647,0,1.2529115676879885,1.2157292366027832,1.1629347801208496,0.166318267583847,0.0098298769444227,-0.0215474963188171
IFNγ,JMJD7,363,0.0587930857277907,1.814712405204773,0.3581267217630854,0,0.0412659309804439,0.0522168464958667,0.0750504955649375,-0.2450420409440994,1.049255609512329,1.0423285961151123
IFNγ,JPT1,198,0.07644396936247,1.754265546798706,0.2979797979797979,0,0.3145474791526794,0.2803721725940704,0.273584246635437,-0.1685774177312851,1.2103776931762695,1.2803843021392822
IFNγ,KCNN4,356,0.062723535634864,1.8360703587532043,0.3202247191011236,0,0.0508911721408367,0.0403400808572769,0.0276738051325082,-0.254858136177063,1.190967321395874,1.108775019645691
IFNγ,KDR,347,0.065771087530196,1.784817814826965,0.2622478386167147,0,0.1664625406265258,0.2544963657855987,0.2307190597057342,-0.270090252161026,1.2397005558013916,1.1767157316207886
IFNγ,KLF4,289,0.0530245007927275,1.7417013049125671,0.3460207612456747,0,-0.1975870430469513,-0.1427269577980041,-0.1332007199525833,-0.1883521378040313,1.0644657611846924,0.9477981328964232
IFNγ,LAMP2,308,0.0605057798475389,1.788237750530243,0.3863636363636363,0,0.0333411544561386,0.0076986867934465,0.0340879671275615,-0.213894635438919,1.1124234199523926,1.037808179855347
IFNγ,LCP1,360,0.0617187477156365,1.7828786373138428,0.3388888888888889,0,-0.0807291716337204,-0.0461548790335655,-0.0242416057735681,-0.2135774791240692,1.0918262004852295,1.00561785697937
IFNγ,LEF1-AS1,358,0.0552397996107628,1.8318951725959776,0.2821229050279329,0,0.065621294081211,0.0765488743782043,0.1002833917737007,-0.1733461916446685,1.160645842552185,1.0505443811416626
IFNγ,LGALS3,263,0.0618230806239821,1.7415902614593506,0.2965779467680608,0,-0.0472845323383808,0.0594949275255203,0.0612551644444465,-0.17958664894104,1.2089463472366333,1.0956518650054932
IFNγ,LGALS3BP,253,0.0554603063350457,1.8073259592056277,0.2806324110671936,0,-0.0258693322539329,-0.1157256513833999,-0.1095088273286819,-0.2091788202524185,1.0871093273162842,0.9534109234809875
IFNγ,LINC00518,336,0.0542850703500394,1.7962986826896667,0.306547619047619,0,0.0561408288776874,0.0723360255360603,0.0583612769842147,-0.281413197517395,1.1161779165267944,1.0201005935668943
IFNγ,LRPAP1,334,0.0578343118274522,1.7407355904579165,0.2634730538922156,0,0.1527678817510604,0.19843390583992,0.1888758689165115,-0.2579827010631561,1.1936752796173096,1.1692452430725098
IFNγ,LRRC75A-AS1,193,0.0483732896807806,1.629037320613861,0.2590673575129533,0,0.0637905299663543,0.0272569637745618,0.0898784920573234,-0.2276362180709839,1.2234313488006592,1.0144436359405518
IFNγ,LY96,319,0.0637811421733587,1.816684186458588,0.3761755485893417,0,0.002030303934589,-0.0330340862274169,-0.0350963175296783,-0.1603150814771652,1.02032470703125,1.032816767692566
IFNγ,MC1R,291,0.065146640321871,1.7356126308441162,0.3092783505154639,0,0.062049962580204,0.0577514246106147,0.0706186071038246,-0.0990782380104065,1.1202117204666138,1.1585052013397217
IFNγ,MDH2,220,0.0591565157384053,1.7497693300247192,0.3227272727272727,0,0.0378614515066146,0.0826552808284759,0.0597543939948082,-0.1523051857948303,1.0585263967514038,0.9672749042510986
IFNγ,MFGE8,400,0.062439149682368,1.870191752910614,0.33,0,0.0544706135988235,0.013649164699018,0.0264708027243614,-0.1009946018457412,1.1527928113937378,1.132478952407837
IFNγ,MIA,310,0.0531057520910672,1.7550557255744934,0.332258064516129,0,0.01907311193645,0.042184293270111,0.0312273316085338,-0.1525196135044098,1.0800704956054688,0.9943616390228271
IFNγ,MRPL47,166,0.0486881213607456,1.1662272065877914,0.1987951807228915,0,0.0843771547079086,0.0097111193463206,-0.0071350773796439,-0.147504523396492,1.2308528423309326,1.2118641138076782
IFNγ,MT2A,211,0.0717303027242609,1.752582848072052,0.3127962085308057,0,-0.0214426666498184,-0.0501049198210239,-0.053030177950859,-0.1853133141994476,1.077602505683899,1.1091583967208862
IFNγ,MYC,68,0.0857001944099555,1.2832419872283936,0.3823529411764705,0,-0.0597367361187934,-0.0704400986433029,-0.0407044775784015,-0.2855292558670044,1.077023983001709,1.1729997396469116
IFNγ,NACA,42,0.0660242546615784,1.3042678534984589,0.2142857142857142,0,0.0683618336915969,-0.0957582965493202,-0.0694024264812469,0.6588363647460938,0.0092036100104451,-0.1958785355091095
IFNγ,NCL,74,0.0701425171096914,1.490762710571289,0.3108108108108108,0,0.0930408686399459,0.3054140210151672,0.4001125693321228,0.3708100020885467,-0.4351083040237427,-0.4863694310188293
IFNγ,NDUFA13,153,0.052145292604301,1.687423825263977,0.392156862745098,0,-0.1358628123998642,-0.1228117197751998,-0.1180270761251449,-0.1379079818725586,0.9017945528030396,0.8583154082298279
IFNγ,NEAT1,256,0.0698035473713086,1.7959895730018616,0.3203125,0,0.0798466652631759,0.0392869040369987,0.0329670682549476,-0.268779456615448,1.138385772705078,1.1711275577545166
IFNγ,NGFR,239,0.0540318002370583,1.8125609755516048,0.3389121338912134,0,0.0032773679122328,0.0311446487903594,0.0504680313169956,-0.2554987370967865,0.977326512336731,0.8961577415466309
IFNγ,NME1,263,0.0640685405082306,1.7734413146972656,0.2547528517110266,0,0.1314318478107452,0.1118201240897178,0.122520312666893,-0.187371090054512,1.2716336250305176,1.2203054428100586
IFNγ,NMRK1,290,0.06051508574802,1.7503618597984314,0.2793103448275862,0,-0.0022888737730681,0.0597238689661026,0.0846229493618011,-0.1734386533498764,1.190587282180786,1.1372718811035156
IFNγ,NOLC1,108,0.0767746405086473,1.7562503814697266,0.3518518518518518,0,0.1125402227044105,0.1657991856336593,0.1608204841613769,-0.3899394869804382,0.9941068887710572,1.0305864810943604
IFNγ,NONO,231,0.0669484727917245,1.7179195284843445,0.354978354978355,0,0.1193414255976677,0.106204904615879,0.0954637378454208,-0.2753925323486328,1.0309993028640747,1.0225434303283691
IFNγ,NPC1,320,0.0568334029577899,1.4538581371307373,0.275,0,0.0345694981515407,-0.0904330462217331,-0.0550289936363697,-0.1767131239175796,1.1068941354751587,1.0710279941558838
IFNγ,NPC2,286,0.0588142290164806,1.8253909349441528,0.3951048951048951,0,0.1622326672077179,0.1949232965707779,0.1942986249923706,-0.0882855057716369,0.9856995344161988,1.0153543949127195
IFNγ,NSG1,292,0.0624455386011937,1.796195387840271,0.3150684931506849,0,0.1498758196830749,0.1210542991757392,0.1205906197428703,-0.2048667073249817,1.1463037729263306,1.1219109296798706
IFNγ,NT5E,358,0.0643440051861515,1.7868199944496157,0.3463687150837989,0,0.0777062773704528,0.0506982281804084,0.0675873830914497,-0.241756796836853,1.1170084476470947,1.108147144317627
IFNγ,NUP50-AS1,273,0.0652583300728375,1.7303602695465088,0.3113553113553113,0,0.0746533721685409,0.1196864917874336,0.0904743298888206,-0.1880787312984466,1.1292887926101685,1.0847463607788086
IFNγ,P2RX4,136,0.0498447229683456,1.6760041117668152,0.2573529411764705,0,-0.3489887118339538,-0.4533536732196808,-0.4446777105331421,-0.1057254374027252,1.1698191165924072,0.9394512176513672
IFNγ,PABPC1,84,0.0777391562844918,1.4004729688167572,0.25,0,0.1728678494691848,0.3120467662811279,0.3394553065299988,-0.2125730216503143,1.3501787185668943,1.4429583549499512
IFNγ,PAICS,102,0.057626232086406,1.5624603033065796,0.2058823529411764,0,0.0703823342919349,0.2624807953834533,0.2523429095745086,-0.3071141541004181,1.4559723138809204,1.2640082836151123
IFNγ,PET100,146,0.0555109723133035,1.702402651309967,0.363013698630137,0,-0.2014739215373993,-0.0117050101980566,0.0005093679064884,0.2593913078308105,-0.5753123760223389,-0.5038237571716309
IFNγ,PFDN4,284,0.0625984332219838,1.825040340423584,0.2922535211267605,0,-0.0019308840855956,-0.0589765571057796,-0.0612173154950141,-0.198740154504776,1.099921464920044,1.0206701755523682
IFNγ,PFN1,124,0.0538444946280941,1.2713253796100616,0.1854838709677419,0,0.1043735593557357,0.3135207295417785,0.3368902206420898,0.155556321144104,-0.5004767775535583,-0.4799566566944122
IFNγ,PIK3IP1,229,0.0780482324767501,1.52092844247818,0.3275109170305676,0,0.0953864380717277,0.0776364877820015,0.0837197303771972,-0.2442560791969299,1.2291665077209473,1.210543870925903
IFNγ,POLD2,69,0.0983663714586441,1.5445866584777832,0.217391304347826,0,0.066530168056488,0.2763729095458984,0.3222697675228119,-0.3250132501125335,1.397513508796692,1.42534601688385
IFNγ,PPA1,56,0.083909687769675,1.5494766235351562,0.3035714285714285,0,0.4696805477142334,0.4577412605285644,0.4946056008338928,-0.1311642974615097,1.10491144657135,1.2007616758346558
IFNγ,PPIA,244,0.0627380604338361,1.7790654301643372,0.2663934426229508,0,0.2439960837364196,0.2578358352184295,0.2056570351123809,-0.2477489709854126,1.271874189376831,1.1569260358810425
IFNγ,PRELID3B,46,0.0783372768426158,1.418629914522171,0.3043478260869565,0,-0.8024137616157532,-0.7647404074668884,-0.7998387813568115,-0.3770773708820343,0.8508856892585754,0.7139672636985779
IFNγ,PROS1,199,0.0591096750138327,1.794575572013855,0.3266331658291457,0,0.0464086979627609,0.0390646308660507,0.0756208375096321,-0.171514630317688,0.9625439643859864,0.937072455883026
IFNγ,PSAP,330,0.0656029016334328,1.7047446370124817,0.2575757575757575,0,0.0732182636857032,-0.0107217542827129,0.0114498985931277,-0.2485697120428085,1.2079817056655884,1.1433113813400269
IFNγ,PSMB8-AS1,225,0.0635582910745063,1.7306030988693235,0.2977777777777777,0,-0.0195487141609191,-0.0066187111660838,0.0037723793648183,-0.1779199838638305,1.1077706813812256,1.1267926692962646
IFNγ,PTMA,226,0.0575096396291123,1.6111407279968262,0.2610619469026549,0,0.0029683846514672,-0.0521969050168991,-0.0482807867228984,-0.139562651515007,1.1229873895645142,1.0960582494735718
IFNγ,PUF60,109,0.0614707013902811,1.685630977153778,0.2660550458715596,0,-0.0718790888786315,-0.1127424985170364,-0.1363626420497894,-0.3272921144962311,1.0696563720703125,0.9534205794334412
IFNγ,PYGB,230,0.0602552427726076,1.7483528852462769,0.3391304347826087,0,0.1118078529834747,0.1693535596132278,0.1611648797988891,-0.3255304098129272,0.9072173833847046,0.900781750679016
IFNγ,RAB27A,268,0.0593371717405214,1.7227585911750791,0.2798507462686567,0,0.1479302793741226,0.1187453120946884,0.0960525572299957,-0.0966516137123107,1.1933473348617554,1.1397063732147217
IFNγ,RB1,289,0.066103595775627,1.5796242952346802,0.2768166089965398,0,0.1334926784038543,0.1519244462251663,0.1609893441200256,-0.1459153890609741,1.2351919412612915,1.2015199661254885
IFNγ,RBP7,300,0.0689425182867421,1.790470838546753,0.3233333333333333,0,0.0870289504528045,0.0289800241589546,0.0146481739357113,-0.2698465585708618,1.1594910621643066,1.1117223501205444
IFNγ,RNASEH2A,157,0.0617339077141406,1.462671399116516,0.3694267515923566,0,0.0746380910277366,0.1282026022672653,0.1344950050115585,-0.2165396213531494,1.0141632556915283,1.002420425415039
IFNγ,RNF213,260,0.0541292714658718,1.7022784352302551,0.3115384615384615,0,0.0589704141020774,0.1184139847755432,0.1264851093292236,-0.070381611585617,1.0930224657058716,1.0216724872589111
IFNγ,ROMO1,68,0.0538940404491367,1.2550714313983915,0.2205882352941176,0,-0.3281998932361603,-0.2010859847068786,-0.2438651919364929,-0.1398795992136001,-0.4215859174728393,-0.4567237198352813
IFNγ,RPSA,142,0.0746077540889917,1.7721587419509888,0.4014084507042254,0,-0.1797974109649658,-0.2832335829734802,-0.2883269786834717,-0.1823804974555969,1.1491820812225342,1.075303077697754
IFNγ,RRS1,90,0.0813064059103341,1.6510539054870603,0.2444444444444444,0,0.0520280227065086,0.049522578716278,0.0338891819119453,-0.3754221200942993,1.1965758800506592,1.305601716041565
IFNγ,RTP4,332,0.0608540335197039,1.7980599403381348,0.2981927710843373,0,0.1428510695695877,0.1461646556854248,0.1539993584156036,-0.1034795120358467,1.226764678955078,1.1371392011642456
IFNγ,S100A6,249,0.0604595620449634,1.834818184375763,0.3293172690763052,0,-6.140776804386405e-06,-0.02308214828372,-0.0036979438737034,-0.211174726486206,1.1914892196655271,1.0833061933517456
IFNγ,S100B,277,0.0639982131557673,1.8480364680290224,0.3754512635379061,0,-0.1302593052387237,-0.1152746826410293,-0.070516288280487,-0.1771968305110931,1.114600658416748,1.0550782680511477
IFNγ,SAT1,218,0.0662762843277792,1.6439627408981323,0.2981651376146789,0,0.2221259623765945,0.1753072589635849,0.1542131602764129,-0.0587529018521308,1.1712192296981812,1.1849045753479004
IFNγ,SCARB2,251,0.0649926801767571,1.6905852556228638,0.2788844621513944,0,0.2615797817707062,0.1801178306341171,0.2416983693838119,-0.3347494602203369,1.157665133476257,1.113763451576233
IFNγ,SDC3,317,0.0655811105374007,1.83161723613739,0.2586750788643533,0,0.006522080861032,0.0740074664354324,0.0661425068974495,-0.1425482034683227,1.2627347707748413,1.1961570978164673
IFNγ,SDCBP,259,0.0666935699400595,1.7694308757781982,0.3706563706563706,0,0.0556174293160438,0.0547670014202594,0.0403221845626831,-0.2997435629367828,1.043161392211914,1.075439691543579
IFNγ,SEC11C,252,0.0640024043172111,1.7809154391288755,0.2857142857142857,0,0.0224250089377164,0.0699756741523742,0.0807285532355308,-0.1723220646381378,1.2025232315063477,1.1781680583953855
IFNγ,SERPINA3,232,0.0468189840246265,1.7391865253448486,0.2241379310344827,0,0.0953603535890579,0.1707325577735901,0.1872123926877975,-0.3082922697067261,1.235041260719299,1.1242549419403076
IFNγ,SERPINE2,226,0.0677896657099176,1.5417237877845764,0.331858407079646,0,0.0794696286320686,0.0829967334866523,0.1056130826473236,-0.2178886234760284,1.1129342317581177,1.2224266529083252
IFNγ,SERPINF1,241,0.06033158494371,1.7971706986427307,0.2572614107883817,0,0.147395521402359,0.0750774666666984,0.1492467224597931,-0.1799962371587753,1.1862682104110718,1.1227223873138428
IFNγ,SET,196,0.0620687473813136,1.5650530457496643,0.3724489795918367,0,0.0707420706748962,0.0681395232677459,0.0679794773459434,-0.0244461968541145,1.0265475511550903,0.935743808746338
IFNγ,SGK1,262,0.0642414044984809,1.7509952783584597,0.3129770992366412,0,0.0395611077547073,0.0438836067914962,0.0572957843542099,-0.1696580350399017,1.1951260566711426,1.1215989589691162
IFNγ,SHMT2,203,0.060253951838691,1.7434784770011902,0.4334975369458128,0,0.0303608439862728,0.0459693297743797,0.0156038645654916,-0.3867782950401306,0.9868729114532472,0.9352806210517884
IFNγ,SINHCAF,173,0.0648680528151605,1.6074295043945312,0.2890173410404624,0,0.0830060094594955,-0.0372808165848255,-0.0361630879342556,-0.0794342756271362,1.2502542734146118,1.1697449684143066
IFNγ,SLC19A1,198,0.0587020450845551,1.7223515510559082,0.2727272727272727,0,0.0356207713484764,0.1740487366914749,0.1745123416185379,-0.1787344813346862,1.2107151746749878,1.0546956062316897
IFNγ,SLC22A18,355,0.0615616985329484,1.703405261039734,0.3154929577464789,0,0.1076716110110282,0.0930361002683639,0.109177328646183,-0.2012571394443512,1.1433860063552856,1.10345458984375
IFNγ,SLC25A13,269,0.0639865019617561,1.7799277901649475,0.2453531598513011,0,0.0319404862821102,0.0498657673597335,0.0552296936511993,-0.2360510528087616,1.2607131004333496,1.2700557708740234
IFNγ,SLC26A2,263,0.0671167702377109,1.6591383814811709,0.2205323193916349,0,0.0429005324840545,0.0559547580778598,0.0697974190115928,-0.2224260121583938,1.3153775930404663,1.3123791217803955
IFNγ,SLC5A3,271,0.0546904885809105,1.7998417019844055,0.2619926199261992,0,0.2046287506818771,0.2191391736268997,0.2200740575790405,-0.2137390673160553,1.0829401016235352,1.0378851890563965
IFNγ,SLC7A5P1,260,0.0663090580921349,1.7674845457077026,0.3038461538461538,0,0.0797099098563194,0.1753135770559311,0.1807014644145965,-0.2034670412540435,1.1214563846588137,1.1554731130599976
IFNγ,SLIRP,169,0.0534977396927658,1.5307554602622986,0.3727810650887574,0,0.0724473148584365,0.1605028510093689,0.2069078683853149,0.3461760878562927,-0.6793383359909058,-0.6286467909812927
IFNγ,SMAD3,271,0.0693498689163192,1.7119703888893127,0.2952029520295203,0,0.1248026192188263,0.152941033244133,0.1670414954423904,-0.2227802574634552,1.0985078811645508,1.0456807613372805
IFNγ,SMAD4,274,0.0547074186405334,1.547785997390747,0.3175182481751825,0,0.0575579479336738,-0.0041895047761499,0.0340193696320056,-0.217362493276596,1.0914199352264404,0.9709105491638184
IFNγ,SNHG6,202,0.0613768198716837,1.7666311860084534,0.3663366336633663,0,-0.1640824526548385,-0.2433852106332779,-0.2179410010576248,-0.1512742042541504,1.097602605819702,0.9884604215621948
IFNγ,SOX4,262,0.0704015494245866,1.6823447346687317,0.2900763358778626,0,0.1189219653606414,0.0850024074316024,0.0824242681264877,-0.149375170469284,1.2403922080993652,1.2038556337356567
IFNγ,SP100,232,0.0707912851912951,1.7583323121070862,0.271551724137931,0,0.1365180313587188,0.0823636651039123,0.0867872089147567,-0.240523874759674,1.3252826929092407,1.2031652927398682
IFNγ,SPESP1,247,0.0535070023901262,1.7885088920593262,0.4331983805668016,0,-0.0044177789241075,-0.0543202459812164,-0.0796022415161132,-0.248063176870346,0.8691443204879761,0.7929978966712952
IFNγ,SPINT1,228,0.0699755018136287,1.7110772728919983,0.3333333333333333,0,0.0506753996014595,0.0448657348752021,0.0585218295454978,-0.2633789181709289,1.115201115608215,1.0920658111572266
IFNγ,SSR2,194,0.0559296058434768,1.5272554755210876,0.2628865979381443,0,-0.0158610753715038,-0.068567082285881,-0.0291411243379116,-0.3163498938083648,1.130027413368225,1.0924646854400637
IFNγ,ST3GAL6-AS1,258,0.0792501538982145,1.7729501724243164,0.3023255813953488,0,0.1468538343906402,0.2217427045106887,0.2433008551597595,-0.2776221632957458,1.2398226261138916,1.3142672777175903
IFNγ,ST6GALNAC2,200,0.0518299546042333,1.764453411102295,0.295,0,-0.0168835241347551,-0.033192254602909,-0.0026286751963198,-0.1934890896081924,1.1654917001724243,0.98334801197052
IFNγ,STAT1,209,0.0528742274514026,0.6430108845233917,0.1770334928229665,0,1.5465359687805176,1.361908197402954,1.3218101263046265,0.1651042699813842,0.1528349965810775,0.048521876335144
IFNγ,STAT3,213,0.0796068934047368,1.5195295810699463,0.352112676056338,0,0.0603520423173904,0.0593593493103981,0.0466429516673088,-0.2025266885757446,1.1187102794647217,1.199498176574707
IFNγ,STOM,275,0.0611308401170999,1.7645107507705688,0.2763636363636363,0,0.1377202421426773,0.1371052265167236,0.1328494846820831,-0.1546765863895416,1.0631437301635742,1.1156344413757324
IFNγ,STX7,247,0.0502896151434854,1.6221683621406555,0.3279352226720647,0,0.1236038133502006,0.1313735097646713,0.1610236912965774,-0.2685694098472595,0.9304081201553344,0.8781795501708984
IFNγ,TAPBP,220,0.0661113594807147,1.6986827850341797,0.3181818181818182,0,0.11060731112957,0.1130655035376548,0.1448104381561279,-0.1962675899267196,1.072152853012085,1.0668911933898926
IFNγ,TAPBPL,245,0.0555318115039187,1.6116439700126648,0.3265306122448979,0,0.075770303606987,0.1110684722661972,0.1547137796878814,-0.1125816851854324,1.1140743494033811,1.0508098602294922
IFNγ,TFAP2A,242,0.0710977970580523,1.7312612533569336,0.3471074380165289,0,0.109516367316246,0.1472684741020202,0.1752062290906906,-0.2152497768402099,1.1676697731018066,1.1399543285369873
IFNγ,TGFB1,263,0.0738281491759388,1.8047720193862915,0.3269961977186312,0,0.0116388984024524,0.0207005273550748,0.0522077865898609,-0.1920239031314849,1.191999435424805,1.1642851829528809
IFNγ,TIMM50,127,0.0562853096441814,1.7216882705688477,0.4803149606299212,0,-0.1598441004753112,-0.0978585034608841,-0.0888521820306778,-0.2636623382568359,0.7746328115463257,0.7134815454483032
IFNγ,TIMP1,229,0.0661486444493965,1.6191526651382446,0.3187772925764192,0,0.0633428841829299,0.1203963011503219,0.1290040910243988,-0.1500193476676941,1.1239638328552246,1.0461567640304563
IFNγ,TIMP2,189,0.0665891666887847,1.7549893856048584,0.2751322751322751,0,0.0865867882966995,0.1097210422158241,0.1117919534444809,-0.336100697517395,1.2584228515625,1.1528986692428589
IFNγ,TIMP3,185,0.0528590662309732,1.7033178210258484,0.2216216216216216,0,0.1486212611198425,0.1365101486444473,0.0955798253417015,-0.2557148933410644,1.1710803508758545,1.1131104230880735
IFNγ,TM4SF1,223,0.0576081927009418,1.6630353331565857,0.3183856502242152,0,0.1416206508874893,0.0983700379729271,0.0898668318986892,-0.172859787940979,1.0945007801055908,0.9979850053787231
IFNγ,TMED10,66,0.0489101962105214,0.9522016756236552,0.1363636363636363,0,-0.368442565202713,-0.2776582837104797,-0.1725720167160034,0.3242845237255096,0.603884220123291,0.147213339805603
IFNγ,TMEM173,216,0.0567921447119907,1.7036354541778564,0.2453703703703703,0,0.0562591440975666,0.0344510525465011,0.0451129116117954,-0.1662944257259369,1.1985020637512207,1.1640491485595703
IFNγ,TOP1MT,201,0.0577945646744351,1.6714226603507996,0.2189054726368159,0,-0.0430678613483905,0.0062978817149996,0.029310243204236,-0.2546033263206482,1.1262526512145996,1.0401697158813477
IFNγ,TP53,221,0.065212723311242,1.8086163401603697,0.3981900452488687,0,0.0802491605281829,0.1572802662849426,0.1518210619688034,-0.1462655067443847,1.0835199356079102,1.059668779373169
IFNγ,TPP1,218,0.0662959743225733,1.7987707257270813,0.2247706422018348,0,-0.1132350862026214,-0.0462828949093818,-0.0481081046164035,-0.3760384023189544,1.2835986614227295,1.1970444917678833
IFNγ,TPRKB,50,0.0965108584393316,1.5631375312805176,0.3,0,0.2219904363155365,0.004109987989068,-0.0261972248554229,-0.1365722864866256,0.916578769683838,0.8546229600906372
IFNγ,TRIM22,178,0.0727355456045591,1.7658372521400452,0.2584269662921348,0,0.3234930038452148,0.3241704702377319,0.3597265183925628,-0.274417370557785,1.1992007493972778,1.1546273231506348
IFNγ,TSC22D3,239,0.0746903108629647,1.744555413722992,0.3347280334728033,0,0.067814216017723,0.0565621554851532,0.0699136778712272,-0.2187013775110244,1.1262272596359253,1.190616011619568
IFNγ,TTLL1,265,0.063642444500252,1.7216388583183289,0.3471698113207547,0,-0.1602985560894012,-0.2284445911645889,-0.2313013970851898,-0.2257616072893142,1.1258221864700315,1.1245296001434326
IFNγ,TXNDC17,215,0.0691174495850894,1.2990180552005768,0.3116279069767442,0,0.2916522920131683,0.3302885293960571,0.3453172743320465,-0.2589281797409057,1.0971369743347168,1.155500054359436
IFNγ,TYR,265,0.0515668558496127,1.7915101051330566,0.460377358490566,0,-0.1187696903944015,-0.1423311829566955,-0.1611662805080413,-0.2247964590787887,0.752638578414917,0.6857692003250122
IFNγ,UBC,95,0.0638365792735758,1.5891553163528442,0.4526315789473684,0,0.0489435046911239,0.1539152264595031,0.1947021335363388,0.2432104647159576,-0.9478254914283752,-0.7921992540359497
IFNγ,UCN2,193,0.061593919632517,1.7334388494491575,0.2901554404145077,0,0.0833100974559784,0.1007177680730819,0.0940643399953842,-0.1265515834093094,1.2676966190338137,1.121967315673828
IFNγ,UQCRFS1,111,0.0697841220538734,1.7045568227767944,0.3153153153153153,0,-0.053272008895874,-0.0360062196850776,-0.0503821931779384,-0.0961181372404098,1.174189567565918,1.077528476715088
IFNγ,UQCRH,77,0.0709792955682359,1.6614790558815002,0.3636363636363636,0,-0.1647711545228958,-0.1459916085004806,-0.1265233159065246,-0.2585942447185516,1.0438140630722046,1.054718255996704
IFNγ,VAT1,154,0.0546959804951999,1.746524155139923,0.3831168831168831,0,0.0286125615239143,-0.0165068581700325,-0.0241554472595453,-0.1585152298212051,1.0745062828063965,0.9213984608650208
IFNγ,VDAC2,223,0.0533567255688472,1.782799243927002,0.3004484304932735,0,0.0184042192995548,0.0984188616275787,0.1033209562301635,-0.160045176744461,1.1681413650512695,1.0563766956329346
IFNγ,WBP2,255,0.0723292768747342,1.7111137509346008,0.2784313725490196,0,0.1506306082010269,0.2491687834262848,0.2595587968826294,-0.1894578635692596,1.287506103515625,1.2358916997909546
IFNγ,WNT7A,267,0.0612355700425521,1.813732624053955,0.2846441947565543,0,0.0827315375208854,0.0735445395112037,0.0721617713570594,-0.1427679359912872,1.1892263889312744,1.164918065071106
IFNγ,XAGE1A,160,0.0632478705249045,1.7351943254470823,0.30625,0,-0.0722366794943809,-0.0332164317369461,-0.0251898653805255,-0.2714109122753143,1.027875900268555,0.92166405916214
