panel,metric,scope,statistic,old_point_estimate,old_ci_low,old_ci_high,old_query_level_p,corrected_point_estimate,corrected_cluster_ci_low,corrected_cluster_ci_high,corrected_drug_level_p,one_row_per_drug_point,n_queries,n_drugs,n_biological_drugs_excluding_pooled,n_pooled_rows,cluster_inference_status,conclusion_changed,scorer,reference_scorer,point_sign_changed_vs_drug,cluster_ci_excludes_zero,direction_of_conclusion,manuscript_consequence,divergence_value_median,effect_median,frac_positive,frac_negative,frac_tied,corrected_bh_q,n_recommended_queries,n_no_call_queries
Fig2c,response_regret_difference,all_eligible_descriptive,median,0.0310564041137695,0.0167694091796875,0.048980712890625,1.6006365711761153e-12,0.0310564041137695,,,,,765,144,143.0,45.0,descriptive_only_pooled_rows_not_clustered,False,,,False,True,includes_zero,UNCHANGED,,,,,,,,
Fig2c,response_regret_difference,individual_drug_formal,median,0.03041934967041015,0.015980100631713914,0.049510955810546875,2.6185962505938366e-11,0.03041934967041015,0.015469551086425788,0.04953289031982423,1.1948415472570759e-05,0.04436969757080078,720,143,,,,False,,,False,True,positive,UNCHANGED,,,,,,,,
Fig2e,response_regret_difference,recommended_all_descriptive,median,0.05909729003906249,0.0449962615966797,0.08526420593261719,,0.05909729003906249,,,,,627,142,141.0,43.0,descriptive_only_pooled_rows_not_clustered,False,DART_energy,mean_cosine,False,True,includes_zero,UNCHANGED,,,,,,,,
Fig2e,response_regret_difference,recommended_individual_formal,median,0.060015678405761705,0.04281616210937504,0.08924150466918945,,0.060015678405761705,0.041631174087524425,0.08890151977539062,1.6445834729970496e-14,0.06421089172363285,584,141,,,,False,DART_energy,mean_cosine,False,True,positive,UNCHANGED,,,,,,,,
Fig2e,response_regret_difference,recommended_all_descriptive,median,0.0647115707397461,0.04832444190979008,0.08773994445800781,,0.0647115707397461,,,,,627,142,141.0,43.0,descriptive_only_pooled_rows_not_clustered,False,DART_mmd,mean_cosine,False,True,includes_zero,UNCHANGED,,,,,,,,
Fig2e,response_regret_difference,recommended_individual_formal,median,0.0663399696350098,0.046567916870117194,0.08924150466918945,,0.0663399696350098,0.0449962615966797,0.0902872085571289,3.4649184173457384e-14,0.08292579650878906,584,141,,,,False,DART_mmd,mean_cosine,False,True,positive,UNCHANGED,,,,,,,,
Fig2e,response_regret_difference,recommended_all_descriptive,median,0.06703376770019528,0.0414276123046875,0.0892124176025391,,0.06703376770019528,,,,,627,142,141.0,43.0,descriptive_only_pooled_rows_not_clustered,False,DART_sliced_wasserstein,mean_cosine,False,True,includes_zero,UNCHANGED,,,,,,,,
Fig2e,response_regret_difference,recommended_individual_formal,median,0.06763648986816405,0.040805816650390625,0.0896873474121094,,0.06763648986816405,0.0403404235839844,0.0924320220947266,1.4441251297020723e-12,0.07153177261352542,584,141,,,,False,DART_sliced_wasserstein,mean_cosine,False,True,positive,UNCHANGED,,,,,,,,
Fig2e,response_regret_difference,recommended_all_descriptive,median,0.0444498062133789,0.0235548019409179,0.0647115707397461,,0.0444498062133789,,,,,627,142,141.0,43.0,descriptive_only_pooled_rows_not_clustered,False,DART_coverage_mean,mean_cosine,False,True,includes_zero,UNCHANGED,,,,,,,,
Fig2e,response_regret_difference,recommended_individual_formal,median,0.04465532302856445,0.02095413208007807,0.0647115707397461,,0.04465532302856445,0.01983070373535148,0.06481504440307614,3.44057481054899e-07,0.060915946960449205,584,141,,,,False,DART_coverage_mean,mean_cosine,False,True,positive,UNCHANGED,,,,,,,,
Fig2e,response_regret_difference,recommended_all_descriptive,median,0.03192329406738288,0.017479896545410212,0.053060531616210896,,0.03192329406738288,,,,,627,142,141.0,43.0,descriptive_only_pooled_rows_not_clustered,False,DART_coverage_worst,mean_cosine,False,True,includes_zero,UNCHANGED,,,,,,,,
Fig2e,response_regret_difference,recommended_individual_formal,median,0.03041934967041015,0.0160198211669922,0.054847240447998054,,0.03041934967041015,0.01637649536132815,0.05393345355987516,1.0525141212478216e-05,0.048383712768554694,584,141,,,,False,DART_coverage_worst,mean_cosine,False,True,positive,UNCHANGED,,,,,,,,
Fig2e,response_regret_difference,recommended_all_descriptive,median,0.0,0.0,0.0,,0.0,,,,,627,142,141.0,43.0,descriptive_only_pooled_rows_not_clustered,False,DART_energy,mean_l2,False,True,includes_zero,UNCHANGED,,,,,,,,
Fig2e,response_regret_difference,recommended_individual_formal,median,0.0,0.0,0.0,,0.0,0.0,0.0,0.0532369442960696,0.0,584,141,,,,False,DART_energy,mean_l2,False,False,includes_zero,UNCHANGED,,,,,,,,
Fig2e,response_regret_difference,recommended_all_descriptive,median,0.0,0.0,0.0,,0.0,,,,,627,142,141.0,43.0,descriptive_only_pooled_rows_not_clustered,False,DART_mmd,mean_l2,False,True,includes_zero,UNCHANGED,,,,,,,,
Fig2e,response_regret_difference,recommended_individual_formal,median,0.0,0.0,0.0,,0.0,0.0,0.0,0.046560691547290714,0.0,584,141,,,,False,DART_mmd,mean_l2,False,False,includes_zero,UNCHANGED,,,,,,,,
Fig2e,response_regret_difference,recommended_all_descriptive,median,0.0,-4.243850708006365e-06,0.0,,0.0,,,,,627,142,141.0,43.0,descriptive_only_pooled_rows_not_clustered,False,DART_sliced_wasserstein,mean_l2,False,True,includes_zero,UNCHANGED,,,,,,,,
Fig2e,response_regret_difference,recommended_individual_formal,median,0.0,-0.0010066032409667969,0.0,,0.0,-0.0013437271118163993,0.0,1.2168478467509927e-05,-0.0008249282836913924,584,141,,,,False,DART_sliced_wasserstein,mean_l2,True,False,includes_zero,UNCHANGED,,,,,,,,
Fig2e,response_regret_difference,recommended_all_descriptive,median,-0.030425071716308594,-0.045719218254089346,-0.0148754119873046,,-0.030425071716308594,,,,,627,142,141.0,43.0,descriptive_only_pooled_rows_not_clustered,False,DART_coverage_mean,mean_l2,False,True,includes_zero,UNCHANGED,,,,,,,,
Fig2e,response_regret_difference,recommended_individual_formal,median,-0.032441616058349595,-0.052000999450683594,-0.016823768615722642,,-0.032441616058349595,-0.052000999450683594,-0.017169952392578097,4.35594362050444e-11,-0.033324718475341804,584,141,,,,False,DART_coverage_mean,mean_l2,False,True,negative,UNCHANGED,,,,,,,,
Fig2e,response_regret_difference,recommended_all_descriptive,median,-0.03837585449218749,-0.052000999450683594,-0.02773094177246091,,-0.03837585449218749,,,,,627,142,141.0,43.0,descriptive_only_pooled_rows_not_clustered,False,DART_coverage_worst,mean_l2,False,True,includes_zero,UNCHANGED,,,,,,,,
Fig2e,response_regret_difference,recommended_individual_formal,median,-0.04381465911865236,-0.05971200466156005,-0.03150606155395506,,-0.04381465911865236,-0.0602588653564453,-0.0306873321533203,6.390077753586914e-12,-0.05594873428344725,584,141,,,,False,DART_coverage_worst,mean_l2,False,True,negative,UNCHANGED,,,,,,,,
Fig3a-b,response_regret_difference,leave_drug_out/DART_energy/mean_cosine,median,0.05943870544433595,0.041168212890625,0.08518695831298831,5.127794956524412e-32,0.05943870544433595,0.0390024185180664,0.08831691741943362,2.752296493259979e-12,0.04769945144653322,600,130,,,,False,DART_energy,mean_cosine,False,True,positive,UNCHANGED,,,,,,,,
Fig3a-b,response_regret_difference,leave_drug_out/DART_energy/mean_cosine,mean,0.1981648858388265,0.16128557952245076,0.23646252346038818,5.127794956524412e-32,0.1981648858388265,0.1533250031541695,0.24493072060424947,2.752296493259979e-12,0.04769945144653322,600,130,,,,False,DART_energy,mean_cosine,False,True,positive,UNCHANGED,,,,,,,,
Fig3a-b,response_regret_difference,leave_drug_out/DART_mmd/mean_cosine,median,0.06527090072631839,0.04603850841522218,0.08773994445800781,2.4393798109165317e-33,0.06527090072631839,0.04486083984375,0.0919151306152344,2.1604415727336043e-13,0.06426143646240237,600,130,,,,False,DART_mmd,mean_cosine,False,True,positive,UNCHANGED,,,,,,,,
Fig3a-b,response_regret_difference,leave_drug_out/DART_mmd/mean_cosine,mean,0.19888000965118408,0.16078547632694246,0.2386931171019872,2.4393798109165317e-33,0.19888000965118408,0.15209829843704897,0.24679672893525764,2.1604415727336043e-13,0.06426143646240237,600,130,,,,False,DART_mmd,mean_cosine,False,True,positive,UNCHANGED,,,,,,,,
Fig3a-b,response_regret_difference,leave_drug_out/DART_sliced_wasserstein/mean_cosine,median,0.06678676605224608,0.040365219116210896,0.08791940212249762,3.5174844286371294e-24,0.06678676605224608,0.039110183715820285,0.0887975692749024,3.0701234443596297e-10,0.056849479675293,600,130,,,,False,DART_sliced_wasserstein,mean_cosine,False,True,positive,UNCHANGED,,,,,,,,
Fig3a-b,response_regret_difference,leave_drug_out/DART_sliced_wasserstein/mean_cosine,mean,0.18202927430470783,0.14282884585857392,0.22216900153954822,3.5174844286371294e-24,0.18202927430470783,0.13628189685987804,0.2284457710359144,3.0701234443596297e-10,0.056849479675293,600,130,,,,False,DART_sliced_wasserstein,mean_cosine,False,True,positive,UNCHANGED,,,,,,,,
Fig3a-b,response_regret_difference,leave_drug_out/DART_coverage_mean/mean_cosine,median,0.041260719299316406,0.017301082611083995,0.05855655670166013,2.7015175863580787e-10,0.041260719299316406,0.015913009643554688,0.0619964599609375,0.0002772990179847562,0.04699039459228518,600,130,,,,False,DART_coverage_mean,mean_cosine,False,True,positive,UNCHANGED,,,,,,,,
Fig3a-b,response_regret_difference,leave_drug_out/DART_coverage_mean/mean_cosine,mean,0.11221877733866374,0.06538478807608286,0.15839709548155467,2.7015175863580787e-10,0.11221877733866374,0.05333607370163806,0.16781862484419557,0.0002772990179847562,0.04699039459228518,600,130,,,,False,DART_coverage_mean,mean_cosine,False,True,positive,UNCHANGED,,,,,,,,
Fig3a-b,response_regret_difference,leave_drug_out/DART_coverage_worst/mean_cosine,median,0.0278210639953613,0.011265754699707003,0.04967689514160155,2.686084189887353e-09,0.0278210639953613,0.011409759521484375,0.05103111267089851,0.0003909246218010114,0.02287244796752932,600,130,,,,False,DART_coverage_worst,mean_cosine,False,True,positive,UNCHANGED,,,,,,,,
Fig3a-b,response_regret_difference,leave_drug_out/DART_coverage_worst/mean_cosine,mean,0.13469602266947428,0.09377985759576163,0.17627135797341664,2.686084189887353e-09,0.13469602266947428,0.08824529597830137,0.1807244231992035,0.0003909246218010114,0.02287244796752932,600,130,,,,False,DART_coverage_worst,mean_cosine,False,True,positive,UNCHANGED,,,,,,,,
Fig3a-b,response_regret_difference,leave_drug_out/DART_energy/mean_l2,median,0.0,0.0,0.0,0.004262897590748932,0.0,0.0,0.0,0.059862987055778624,0.0,600,130,,,,False,DART_energy,mean_l2,False,False,includes_zero,UNCHANGED,,,,,,,,
Fig3a-b,response_regret_difference,leave_drug_out/DART_energy/mean_l2,mean,-0.016838156382242838,-0.031484382033348086,-0.005277130484580995,0.004262897590748932,-0.016838156382242838,-0.03135570435455406,-0.005087047183979956,0.059862987055778624,0.0,600,130,,,,False,DART_energy,mean_l2,True,True,negative,UNCHANGED,,,,,,,,
Fig3a-b,response_regret_difference,leave_drug_out/DART_mmd/mean_l2,median,0.0,0.0,0.0,0.0027708057068860574,0.0,0.0,0.0,0.0760847767339192,0.0,600,130,,,,False,DART_mmd,mean_l2,False,False,includes_zero,UNCHANGED,,,,,,,,
Fig3a-b,response_regret_difference,leave_drug_out/DART_mmd/mean_l2,mean,-0.016123032569885253,-0.03256945172945658,-0.0016132340033849074,0.0027708057068860574,-0.016123032569885253,-0.0325070356392673,-0.0012597225341094676,0.0760847767339192,0.0,600,130,,,,False,DART_mmd,mean_l2,True,True,negative,UNCHANGED,,,,,,,,
Fig3a-b,response_regret_difference,leave_drug_out/DART_sliced_wasserstein/mean_l2,median,0.0,-0.001373291015625,0.0,1.6155697920629665e-07,0.0,-0.0015850067138672014,0.0,0.00010356751101031733,0.0,600,130,,,,False,DART_sliced_wasserstein,mean_l2,False,False,includes_zero,UNCHANGED,,,,,,,,
Fig3a-b,response_regret_difference,leave_drug_out/DART_sliced_wasserstein/mean_l2,mean,-0.03297376791636149,-0.04631547399361929,-0.02011154127120972,1.6155697920629665e-07,-0.03297376791636149,-0.04655586074801707,-0.020711851594186037,0.00010356751101031733,0.0,600,130,,,,False,DART_sliced_wasserstein,mean_l2,True,True,negative,UNCHANGED,,,,,,,,
Fig3a-b,response_regret_difference,leave_drug_out/DART_coverage_mean/mean_l2,median,-0.035459041595459005,-0.053111076354980455,-0.016823768615722642,2.4036136571153985e-18,-0.035459041595459005,-0.052920341491699205,-0.017169952392578097,6.032862196642928e-13,-0.0498850345611572,600,130,,,,False,DART_coverage_mean,mean_l2,False,True,negative,UNCHANGED,,,,,,,,
Fig3a-b,response_regret_difference,leave_drug_out/DART_coverage_mean/mean_l2,mean,-0.1027842648824056,-0.13464010314146677,-0.0737135040362676,2.4036136571153985e-18,-0.1027842648824056,-0.14023848043267864,-0.07097585609033338,6.032862196642928e-13,-0.0498850345611572,600,130,,,,False,DART_coverage_mean,mean_l2,False,True,negative,UNCHANGED,,,,,,,,
Fig3a-b,response_regret_difference,leave_drug_out/DART_coverage_worst/mean_l2,median,-0.0476365089416504,-0.06039619445800785,-0.034780502319336,2.0698779444390348e-22,-0.0476365089416504,-0.0613994598388672,-0.03258752822875979,2.9793598063168183e-13,-0.05297946929931645,600,130,,,,False,DART_coverage_worst,mean_l2,False,True,negative,UNCHANGED,,,,,,,,
Fig3a-b,response_regret_difference,leave_drug_out/DART_coverage_worst/mean_l2,mean,-0.08030701955159505,-0.0997450431585312,-0.06077604349454244,2.0698779444390348e-22,-0.08030701955159505,-0.10338701064354572,-0.05932720995249166,2.9793598063168183e-13,-0.05297946929931645,600,130,,,,False,DART_coverage_worst,mean_l2,False,True,negative,UNCHANGED,,,,,,,,
Fig3a-b,moa_ndcg_difference,leave_drug_out/DART_energy/mean_cosine,median,0.0,0.0,0.0,0.6273582420619872,0.0,0.0,0.0,0.9039318532480756,0.0,600,130,,,,False,DART_energy,mean_cosine,False,False,includes_zero,UNCHANGED,,,,,,,,
Fig3a-b,moa_ndcg_difference,leave_drug_out/DART_energy/mean_cosine,mean,-0.013035078013782416,-0.02807775155312713,0.0017044092782528776,0.6273582420619872,-0.013035078013782416,-0.03635373828676638,0.009213396271780366,0.9039318532480756,0.0,600,130,,,,False,DART_energy,mean_cosine,True,False,includes_zero,UNCHANGED,,,,,,,,
Fig3a-b,moa_ndcg_difference,leave_drug_out/DART_mmd/mean_cosine,median,0.0,0.0,0.0,0.8923637827051529,0.0,0.0,0.0,0.6470401421434329,0.0,600,130,,,,False,DART_mmd,mean_cosine,False,False,includes_zero,UNCHANGED,,,,,,,,
Fig3a-b,moa_ndcg_difference,leave_drug_out/DART_mmd/mean_cosine,mean,-0.011083492068575585,-0.025707547605119105,0.003756529327713722,0.8923637827051529,-0.011083492068575585,-0.03402267943534773,0.010718184432596438,0.6470401421434329,0.0,600,130,,,,False,DART_mmd,mean_cosine,True,False,includes_zero,UNCHANGED,,,,,,,,
Fig3a-b,moa_ndcg_difference,leave_drug_out/DART_sliced_wasserstein/mean_cosine,median,0.0,0.0,0.0,0.34548812770174075,0.0,0.0,0.0,0.5624821608767245,0.0,600,130,,,,False,DART_sliced_wasserstein,mean_cosine,False,False,includes_zero,UNCHANGED,,,,,,,,
Fig3a-b,moa_ndcg_difference,leave_drug_out/DART_sliced_wasserstein/mean_cosine,mean,-0.01597277981923169,-0.031996203117286987,0.00014413465372376235,0.34548812770174075,-0.01597277981923169,-0.04245454830159286,0.008340228814473065,0.5624821608767245,0.0,600,130,,,,False,DART_sliced_wasserstein,mean_cosine,True,False,includes_zero,UNCHANGED,,,,,,,,
Fig3a-b,moa_ndcg_difference,leave_drug_out/DART_coverage_mean/mean_cosine,median,0.0,0.0,0.0,7.979550645617346e-05,0.0,-0.001588499241194155,0.0,0.0005286808815144806,0.0,600,130,,,,False,DART_coverage_mean,mean_cosine,False,False,includes_zero,UNCHANGED,,,,,,,,
Fig3a-b,moa_ndcg_difference,leave_drug_out/DART_coverage_mean/mean_cosine,mean,-0.03337382445278543,-0.047623423219940064,-0.019091560355395,7.979550645617346e-05,-0.03337382445278543,-0.055494996178056685,-0.012819470628614434,0.0005286808815144806,0.0,600,130,,,,False,DART_coverage_mean,mean_cosine,True,True,negative,UNCHANGED,,,,,,,,
Fig3a-b,moa_ndcg_difference,leave_drug_out/DART_coverage_worst/mean_cosine,median,0.0,0.0,0.0,0.007703863130368509,0.0,0.0,0.0,0.11922247817477058,0.0,600,130,,,,False,DART_coverage_worst,mean_cosine,False,False,includes_zero,WEAKEN CLAIM,,,,,,,,
Fig3a-b,moa_ndcg_difference,leave_drug_out/DART_coverage_worst/mean_cosine,mean,-0.02385654686783973,-0.038797165073305856,-0.00963520345539627,0.007703863130368509,-0.02385654686783973,-0.04443392635821434,-0.00438758869941018,0.11922247817477058,0.0,600,130,,,,False,DART_coverage_worst,mean_cosine,True,True,negative,WEAKEN CLAIM,,,,,,,,
Fig3a-b,moa_ndcg_difference,leave_drug_out/DART_energy/mean_l2,median,0.0,0.0,0.0,0.4426498582767894,0.0,0.0,0.0,0.4359277307147219,0.0,600,130,,,,False,DART_energy,mean_l2,False,False,includes_zero,UNCHANGED,,,,,,,,
Fig3a-b,moa_ndcg_difference,leave_drug_out/DART_energy/mean_l2,mean,-0.0016514593173906577,-0.008193443285124558,0.004708335936090301,0.4426498582767894,-0.0016514593173906577,-0.008626163940221171,0.005502213444585368,0.4359277307147219,0.0,600,130,,,,False,DART_energy,mean_l2,True,False,includes_zero,UNCHANGED,,,,,,,,
Fig3a-b,moa_ndcg_difference,leave_drug_out/DART_mmd/mean_l2,median,0.0,0.0,0.0,0.9058178990122407,0.0,0.0,0.0,0.9768299636059842,0.0,600,130,,,,False,DART_mmd,mean_l2,False,False,includes_zero,UNCHANGED,,,,,,,,
Fig3a-b,moa_ndcg_difference,leave_drug_out/DART_mmd/mean_l2,mean,0.00030012662781617405,-0.006369192240230642,0.006638810654922066,0.9058178990122407,0.00030012662781617405,-0.0066308119432959955,0.007272422447285236,0.9768299636059842,0.0,600,130,,,,False,DART_mmd,mean_l2,True,False,includes_zero,UNCHANGED,,,,,,,,
Fig3a-b,moa_ndcg_difference,leave_drug_out/DART_sliced_wasserstein/mean_l2,median,0.0,0.0,0.0,0.49949874770054936,0.0,0.0,0.0,0.9571276479748418,0.0,600,130,,,,False,DART_sliced_wasserstein,mean_l2,False,False,includes_zero,UNCHANGED,,,,,,,,
Fig3a-b,moa_ndcg_difference,leave_drug_out/DART_sliced_wasserstein/mean_l2,mean,-0.0045891611228399305,-0.01418940440109698,0.0059412140348638785,0.49949874770054936,-0.0045891611228399305,-0.016472701814975187,0.007503401424369415,0.9571276479748418,0.0,600,130,,,,False,DART_sliced_wasserstein,mean_l2,True,False,includes_zero,UNCHANGED,,,,,,,,
Fig3a-b,moa_ndcg_difference,leave_drug_out/DART_coverage_mean/mean_l2,median,0.0,0.0,0.0,0.0008242149713575607,0.0,0.0,0.0,0.0007557260880383625,0.0,600,130,,,,False,DART_coverage_mean,mean_l2,False,False,includes_zero,UNCHANGED,,,,,,,,
Fig3a-b,moa_ndcg_difference,leave_drug_out/DART_coverage_mean/mean_l2,mean,-0.02199020575639367,-0.03345172921611853,-0.010389313306019667,0.0008242149713575607,-0.02199020575639367,-0.03608362320765937,-0.008147960992046555,0.0007557260880383625,0.0,600,130,,,,False,DART_coverage_mean,mean_l2,True,True,negative,UNCHANGED,,,,,,,,
Fig3a-b,moa_ndcg_difference,leave_drug_out/DART_coverage_worst/mean_l2,median,0.0,0.0,0.0,0.04298986759271505,0.0,0.0,0.0,0.08131403960459357,0.0,600,130,,,,False,DART_coverage_worst,mean_l2,False,False,includes_zero,WEAKEN CLAIM,,,,,,,,
Fig3a-b,moa_ndcg_difference,leave_drug_out/DART_coverage_worst/mean_l2,mean,-0.012472928171447972,-0.02433097851386952,-0.0006905096828507203,0.04298986759271505,-0.012472928171447972,-0.027163301909919522,0.0017221183115627321,0.08131403960459357,0.0,600,130,,,,False,DART_coverage_worst,mean_l2,True,False,includes_zero,WEAKEN CLAIM,,,,,,,,
Fig3c/current-divergence-coverage,minority_coverage_difference,Q1,mean,-0.0034667331340335864,-0.00745548493355407,0.00021754532337749062,0.8859133423255384,-0.0034667331340335864,-0.009119567468673363,0.0012526145815659096,0.441855887543275,0.0003110798147016314,190,71,,,,False,,,True,False,includes_zero,NUMERIC UPDATE ONLY,1.335438125150524,0.0,0.4105263157894737,0.3894736842105263,0.2,0.441855887543275,,
Fig3c/current-divergence-coverage,minority_coverage_difference,Q2,mean,0.003014135349136215,0.0016022532675203259,0.004619262498916951,0.0022936030351128813,0.003014135349136215,0.0016849956815907009,0.004523679955430594,0.010837399349452537,0.0003516759874544473,181,91,,,,False,,,False,True,positive,NUMERIC UPDATE ONLY,1.6194843244531607,0.0002395825476132485,0.5303867403314917,0.4143646408839779,0.055248618784530384,0.01444986579927005,,
Fig3c/current-divergence-coverage,minority_coverage_difference,Q3,mean,0.0038022993287611076,0.00240562733017236,0.005336421872075445,3.5778954421360202e-06,0.0038022993287611076,0.002468794669985406,0.005237631687583055,0.00039758373795606254,0.0005688485159855983,174,87,,,,False,,,False,True,positive,NUMERIC UPDATE ONLY,1.693683884101035,0.0007863849473743745,0.5919540229885057,0.3850574712643678,0.022988505747126436,0.0010197045702031139,,
Fig3c/current-divergence-coverage,minority_coverage_difference,Q4,mean,0.0035625084368533485,0.0022111646033415684,0.005199982943736248,1.3606824369319065e-07,0.0035625084368533485,0.002056320702206735,0.005229442393415446,0.0005098522851015569,0.0016362002315791768,175,78,,,,False,,,False,True,positive,NUMERIC UPDATE ONLY,1.7593505012734951,0.0015038581297444065,0.6342857142857142,0.3485714285714286,0.017142857142857144,0.0010197045702031139,,
Fig3c/current-divergence-coverage,spearman_rho,all_formal_rows,rho,0.11517815021245194,,,0.001964869045493333,0.11517815021245194,0.014665112620281756,0.2143311383824333,,0.03267332964378985,720,143,,,,False,,,False,True,positive,NUMERIC UPDATE ONLY,,,,,,,,
Fig3d/current-divergence-MoA,moa_ndcg_difference,Q1,mean,-0.049684293702720914,-0.07648784193838039,-0.02367344625514041,0.0004922991448318959,-0.049684293702720914,-0.08491300152279732,-0.016782970374278276,0.07016055247281158,-0.008275475178726684,166,64,,,,False,,,False,True,negative,NUMERIC UPDATE ONLY,1.3396242698834653,-0.0061708318573496235,0.3192771084337349,0.5060240963855421,0.1746987951807229,0.14032110494562317,,
Fig3d/current-divergence-MoA,moa_ndcg_difference,Q2,mean,-0.03909479659504194,-0.07001346967087126,-0.009412828864133114,0.012341056961906596,-0.03909479659504194,-0.07326429068957802,-0.004809319446030235,0.057944801619679825,-0.0003584753415565474,150,82,,,,False,,,False,True,negative,NUMERIC UPDATE ONLY,1.6195780899002776,0.0,0.31333333333333335,0.4666666666666667,0.22,0.14032110494562317,,
Fig3d/current-divergence-MoA,moa_ndcg_difference,Q3,mean,-0.015842942827610357,-0.04520768148245445,0.012743747664825427,0.6425745820968951,-0.015842942827610357,-0.04474716521134357,0.011393840176349,0.7399053628732605,0.0,141,76,,,,False,,,True,False,includes_zero,NUMERIC UPDATE ONLY,1.6936216905397117,0.0,0.3404255319148936,0.3404255319148936,0.3191489361702128,0.7399053628732605,,
Fig3d/current-divergence-MoA,moa_ndcg_difference,Q4,mean,0.014207965467812483,-0.015189693267477255,0.04058169268036661,0.09425100785568541,0.014207965467812483,-0.016473509271888297,0.04246720966744574,0.450528968765075,0.0,143,73,,,,False,,,True,False,includes_zero,NUMERIC UPDATE ONLY,1.7555359465494698,0.0,0.46153846153846156,0.3006993006993007,0.23776223776223776,0.6007052916867667,,
Fig3d/current-divergence-MoA,spearman_rho,all_formal_rows,rho,0.15484590126627307,,,0.00014008604205289034,0.15484590126627307,0.07216155807131482,0.23493524396809154,,0.2658630029248599,600,130,,,,False,,,False,True,positive,NUMERIC UPDATE ONLY,,,,,,,,
Fig3e/current-diagnostic-gate-enrichment,recommended_minus_no_call_median_regret_gain,individual_drug_formal,group_median_difference,-0.010949134826660163,,,0.7929165977314007,-0.010949134826660163,-0.03545453548431393,0.049825835227966304,,0.019262790679931648,709,141,,,,False,,,True,False,includes_zero,UNCHANGED,,,,,,,584.0,125.0
Fig3f/current-gate-alignment,spearman_reliability_vs_divergence,individual_drug_formal,rho,-0.2246873868712452,,,1.0832111097966093e-09,-0.2246873868712452,-0.31443103520258686,-0.12885523932894086,,-0.5249597820020354,720,143,,,,False,,,False,True,negative,UNCHANGED,,,,,,,,
