setting,alpha,method,reference,hit@1,mrr,population_minus_mean_hit@1,population_minus_mean_mrr
crossline:A549+MCF7,0.5,coverage_mean,matched_control_referenced,0.9466666666666667,0.9684444444444446,0.2,0.10766666666666666
crossline:A549+MCF7,0.5,coverage_mean,raw_normalized_expression,0.9466666666666667,0.9684444444444446,0.2,0.10766666666666666
crossline:A549+MCF7,0.5,coverage_worst,matched_control_referenced,0.9266666666666666,0.9581746031746032,0.18,0.0973968253968254
crossline:A549+MCF7,0.5,coverage_worst,raw_normalized_expression,0.9266666666666666,0.9581746031746032,0.18,0.0973968253968254
crossline:A549+MCF7,0.5,global_energy,matched_control_referenced,0.92,0.953939393939394,0.17333333333333334,0.09316161616161617
crossline:A549+MCF7,0.5,global_energy,raw_normalized_expression,0.92,0.953939393939394,0.17333333333333334,0.09316161616161617
crossline:A549+MCF7,0.5,mmd_rbf,matched_control_referenced,0.9266666666666666,0.9578282828282829,0.18,0.09705050505050505
crossline:A549+MCF7,0.5,mmd_rbf,raw_normalized_expression,0.9266666666666666,0.9578282828282829,0.18,0.09705050505050505
crossline:A549+MCF7,0.5,sliced_wasserstein,matched_control_referenced,0.8666666666666667,0.9115873015873016,0.12,0.050809523809523804
crossline:A549+MCF7,0.5,sliced_wasserstein,raw_normalized_expression,0.8666666666666667,0.9115873015873016,0.12,0.050809523809523804
crossline:A549+MCF7,0.6,coverage_mean,matched_control_referenced,0.92,0.9557777777777778,0.2866666666666667,0.15244444444444444
crossline:A549+MCF7,0.6,coverage_mean,raw_normalized_expression,0.92,0.9557777777777778,0.2866666666666667,0.15244444444444444
crossline:A549+MCF7,0.6,coverage_worst,matched_control_referenced,0.88,0.9272962962962962,0.24666666666666667,0.12396296296296297
crossline:A549+MCF7,0.6,coverage_worst,raw_normalized_expression,0.88,0.9272962962962962,0.24666666666666667,0.12396296296296297
crossline:A549+MCF7,0.6,global_energy,matched_control_referenced,0.92,0.9568888888888889,0.2866666666666667,0.15355555555555556
crossline:A549+MCF7,0.6,global_energy,raw_normalized_expression,0.92,0.9568888888888889,0.2866666666666667,0.15355555555555556
crossline:A549+MCF7,0.6,mmd_rbf,matched_control_referenced,0.9333333333333333,0.9646666666666666,0.3,0.16133333333333333
crossline:A549+MCF7,0.6,mmd_rbf,raw_normalized_expression,0.9333333333333333,0.9646666666666666,0.3,0.16133333333333333
crossline:A549+MCF7,0.6,sliced_wasserstein,matched_control_referenced,0.8266666666666667,0.885712962962963,0.19333333333333333,0.08237962962962962
crossline:A549+MCF7,0.6,sliced_wasserstein,raw_normalized_expression,0.8266666666666667,0.885712962962963,0.19333333333333333,0.08237962962962962
crossline:A549+MCF7,0.7,coverage_mean,matched_control_referenced,0.8933333333333333,0.9425252525252525,0.41333333333333333,0.21141414141414142
crossline:A549+MCF7,0.7,coverage_mean,raw_normalized_expression,0.8933333333333333,0.9425252525252525,0.41333333333333333,0.21141414141414142
crossline:A549+MCF7,0.7,coverage_worst,matched_control_referenced,0.9333333333333333,0.9554923747276689,0.4533333333333333,0.22438126361655775
crossline:A549+MCF7,0.7,coverage_worst,raw_normalized_expression,0.9333333333333333,0.9554923747276689,0.4533333333333333,0.22438126361655775
crossline:A549+MCF7,0.7,global_energy,matched_control_referenced,0.9666666666666667,0.9808333333333333,0.4866666666666667,0.24972222222222223
crossline:A549+MCF7,0.7,global_energy,raw_normalized_expression,0.9666666666666667,0.9808333333333333,0.4866666666666667,0.24972222222222223
crossline:A549+MCF7,0.7,mmd_rbf,matched_control_referenced,0.9666666666666667,0.9806666666666666,0.4866666666666667,0.24955555555555559
crossline:A549+MCF7,0.7,mmd_rbf,raw_normalized_expression,0.9666666666666667,0.9806666666666666,0.4866666666666667,0.24955555555555559
crossline:A549+MCF7,0.7,sliced_wasserstein,matched_control_referenced,0.8733333333333333,0.9166060606060606,0.3933333333333333,0.1854949494949495
crossline:A549+MCF7,0.7,sliced_wasserstein,raw_normalized_expression,0.8733333333333333,0.9166060606060606,0.3933333333333333,0.1854949494949495
crossline:A549+MCF7,0.8,coverage_mean,matched_control_referenced,0.8466666666666667,0.9122857142857144,0.41333333333333333,0.19895238095238094
crossline:A549+MCF7,0.8,coverage_mean,raw_normalized_expression,0.8466666666666667,0.9122857142857144,0.41333333333333333,0.19895238095238094
crossline:A549+MCF7,0.8,coverage_worst,matched_control_referenced,0.8933333333333333,0.9298411033411033,0.46,0.21650777000777002
crossline:A549+MCF7,0.8,coverage_worst,raw_normalized_expression,0.8933333333333333,0.9298411033411033,0.46,0.21650777000777002
crossline:A549+MCF7,0.8,global_energy,matched_control_referenced,0.96,0.98,0.5266666666666666,0.26666666666666666
crossline:A549+MCF7,0.8,global_energy,raw_normalized_expression,0.96,0.98,0.5266666666666666,0.26666666666666666
crossline:A549+MCF7,0.8,mmd_rbf,matched_control_referenced,0.9666666666666667,0.9833333333333333,0.5333333333333333,0.27
crossline:A549+MCF7,0.8,mmd_rbf,raw_normalized_expression,0.9666666666666667,0.9833333333333333,0.5333333333333333,0.27
crossline:A549+MCF7,0.8,sliced_wasserstein,matched_control_referenced,0.88,0.9270134680134681,0.44666666666666666,0.2136801346801347
crossline:A549+MCF7,0.8,sliced_wasserstein,raw_normalized_expression,0.88,0.9270134680134681,0.44666666666666666,0.2136801346801347
crossline:A549+MCF7,0.9,coverage_mean,matched_control_referenced,0.7,0.7799352337211533,0.3466666666666667,0.11104634483226436
crossline:A549+MCF7,0.9,coverage_mean,raw_normalized_expression,0.7,0.7799352337211533,0.3466666666666667,0.11104634483226436
crossline:A549+MCF7,0.9,coverage_worst,matched_control_referenced,0.8466666666666667,0.8774437683963545,0.49333333333333335,0.2085548795074657
crossline:A549+MCF7,0.9,coverage_worst,raw_normalized_expression,0.8466666666666667,0.8774437683963545,0.49333333333333335,0.2085548795074657
crossline:A549+MCF7,0.9,global_energy,matched_control_referenced,0.9733333333333334,0.9866666666666667,0.62,0.31777777777777777
crossline:A549+MCF7,0.9,global_energy,raw_normalized_expression,1.0,1.0,0.6466666666666666,0.3311111111111111
crossline:A549+MCF7,0.9,mmd_rbf,matched_control_referenced,0.9933333333333333,0.9966666666666667,0.64,0.3277777777777778
crossline:A549+MCF7,0.9,mmd_rbf,raw_normalized_expression,0.9933333333333333,0.9966666666666667,0.64,0.3277777777777778
crossline:A549+MCF7,0.9,sliced_wasserstein,matched_control_referenced,0.84,0.9061746031746032,0.4866666666666667,0.23728571428571427
crossline:A549+MCF7,0.9,sliced_wasserstein,raw_normalized_expression,0.8733333333333333,0.9241111111111112,0.52,0.2552222222222222
crossline:K562+A549,0.5,coverage_mean,matched_control_referenced,0.9733333333333334,0.9855555555555556,0.32,0.18455555555555556
crossline:K562+A549,0.5,coverage_mean,raw_normalized_expression,0.9733333333333334,0.9855555555555556,0.32,0.18455555555555556
crossline:K562+A549,0.5,coverage_worst,matched_control_referenced,0.9666666666666667,0.981111111111111,0.31333333333333335,0.1801111111111111
crossline:K562+A549,0.5,coverage_worst,raw_normalized_expression,0.9666666666666667,0.981111111111111,0.31333333333333335,0.1801111111111111
crossline:K562+A549,0.5,global_energy,matched_control_referenced,0.96,0.9753968253968253,0.30666666666666664,0.1743968253968254
crossline:K562+A549,0.5,global_energy,raw_normalized_expression,0.96,0.9753968253968253,0.30666666666666664,0.1743968253968254
crossline:K562+A549,0.5,mmd_rbf,matched_control_referenced,0.9666666666666667,0.981111111111111,0.31333333333333335,0.1801111111111111
crossline:K562+A549,0.5,mmd_rbf,raw_normalized_expression,0.9666666666666667,0.981111111111111,0.31333333333333335,0.1801111111111111
crossline:K562+A549,0.5,sliced_wasserstein,matched_control_referenced,0.7466666666666667,0.836010582010582,0.09333333333333334,0.03501058201058201
crossline:K562+A549,0.5,sliced_wasserstein,raw_normalized_expression,0.7466666666666667,0.836010582010582,0.09333333333333334,0.03501058201058201
crossline:K562+A549,0.6,coverage_mean,matched_control_referenced,0.9533333333333334,0.9735555555555555,0.36,0.20677777777777778
crossline:K562+A549,0.6,coverage_mean,raw_normalized_expression,0.9533333333333334,0.9735555555555555,0.36,0.20677777777777778
crossline:K562+A549,0.6,coverage_worst,matched_control_referenced,0.94,0.9596666666666666,0.3466666666666667,0.1928888888888889
crossline:K562+A549,0.6,coverage_worst,raw_normalized_expression,0.94,0.9596666666666666,0.3466666666666667,0.1928888888888889
crossline:K562+A549,0.6,global_energy,matched_control_referenced,0.9333333333333333,0.9638888888888889,0.34,0.1971111111111111
crossline:K562+A549,0.6,global_energy,raw_normalized_expression,0.9333333333333333,0.9638888888888889,0.34,0.1971111111111111
crossline:K562+A549,0.6,mmd_rbf,matched_control_referenced,0.9533333333333334,0.9727777777777777,0.36,0.20600000000000002
crossline:K562+A549,0.6,mmd_rbf,raw_normalized_expression,0.9533333333333334,0.9727777777777777,0.36,0.20600000000000002
crossline:K562+A549,0.6,sliced_wasserstein,matched_control_referenced,0.78,0.8611666666666667,0.18666666666666668,0.09438888888888888
crossline:K562+A549,0.6,sliced_wasserstein,raw_normalized_expression,0.78,0.8611666666666667,0.18666666666666668,0.09438888888888888
crossline:K562+A549,0.7,coverage_mean,matched_control_referenced,0.9533333333333334,0.9727777777777777,0.44,0.24622222222222226
crossline:K562+A549,0.7,coverage_mean,raw_normalized_expression,0.9533333333333334,0.9727777777777777,0.44,0.24622222222222226
crossline:K562+A549,0.7,coverage_worst,matched_control_referenced,0.9333333333333333,0.9575555555555555,0.42,0.23099999999999998
crossline:K562+A549,0.7,coverage_worst,raw_normalized_expression,0.9333333333333333,0.9575555555555555,0.42,0.23099999999999998
crossline:K562+A549,0.7,global_energy,matched_control_referenced,0.94,0.9650833333333333,0.4266666666666667,0.23852777777777778
crossline:K562+A549,0.7,global_energy,raw_normalized_expression,0.94,0.9650833333333333,0.4266666666666667,0.23852777777777778
crossline:K562+A549,0.7,mmd_rbf,matched_control_referenced,0.94,0.9661616161616162,0.4266666666666667,0.23960606060606063
crossline:K562+A549,0.7,mmd_rbf,raw_normalized_expression,0.94,0.9661616161616162,0.4266666666666667,0.23960606060606063
crossline:K562+A549,0.7,sliced_wasserstein,matched_control_referenced,0.7466666666666667,0.8353249559082893,0.23333333333333334,0.10876940035273369
crossline:K562+A549,0.7,sliced_wasserstein,raw_normalized_expression,0.7466666666666667,0.8353249559082893,0.23333333333333334,0.10876940035273369
crossline:K562+A549,0.8,coverage_mean,matched_control_referenced,0.82,0.8766974506974508,0.4,0.20680856180856183
crossline:K562+A549,0.8,coverage_mean,raw_normalized_expression,0.82,0.8766974506974508,0.4,0.20680856180856183
crossline:K562+A549,0.8,coverage_worst,matched_control_referenced,0.7933333333333333,0.8472980349734736,0.37333333333333335,0.1774091460845847
crossline:K562+A549,0.8,coverage_worst,raw_normalized_expression,0.7933333333333333,0.8472821619576006,0.37333333333333335,0.17739327306871167
crossline:K562+A549,0.8,global_energy,matched_control_referenced,0.8933333333333333,0.9227314102564104,0.47333333333333333,0.2528425213675214
crossline:K562+A549,0.8,global_energy,raw_normalized_expression,0.8933333333333333,0.9227314102564104,0.47333333333333333,0.2528425213675214
crossline:K562+A549,0.8,mmd_rbf,matched_control_referenced,0.8933333333333333,0.9197106444321327,0.47333333333333333,0.2498217555432437
crossline:K562+A549,0.8,mmd_rbf,raw_normalized_expression,0.8933333333333333,0.9197106444321327,0.47333333333333333,0.2498217555432437
crossline:K562+A549,0.8,sliced_wasserstein,matched_control_referenced,0.7533333333333333,0.8276050927784799,0.3333333333333333,0.157716203889591
crossline:K562+A549,0.8,sliced_wasserstein,raw_normalized_expression,0.7533333333333333,0.8276050927784799,0.3333333333333333,0.157716203889591
crossline:K562+A549,0.9,coverage_mean,matched_control_referenced,0.5066666666666667,0.6230848553873081,0.15333333333333332,-0.01686752556507284
crossline:K562+A549,0.9,coverage_mean,raw_normalized_expression,0.5066666666666667,0.6230848553873081,0.15333333333333332,-0.01686752556507284
crossline:K562+A549,0.9,coverage_worst,matched_control_referenced,0.64,0.6903524139515275,0.2866666666666667,0.05040003299914648
crossline:K562+A549,0.9,coverage_worst,raw_normalized_expression,0.64,0.6903524139515275,0.2866666666666667,0.05040003299914648
crossline:K562+A549,0.9,global_energy,matched_control_referenced,0.8133333333333334,0.8439870128076886,0.46,0.20403463185530774
crossline:K562+A549,0.9,global_energy,raw_normalized_expression,0.8266666666666667,0.8507142855349614,0.47333333333333333,0.21076190458258048
crossline:K562+A549,0.9,mmd_rbf,matched_control_referenced,0.8266666666666667,0.8496012810934683,0.47333333333333333,0.20964890014108736
crossline:K562+A549,0.9,mmd_rbf,raw_normalized_expression,0.8266666666666667,0.8496012810934683,0.47333333333333333,0.20964890014108736
crossline:K562+A549,0.9,sliced_wasserstein,matched_control_referenced,0.6666666666666666,0.7403309461848273,0.31333333333333335,0.10037856523244641
crossline:K562+A549,0.9,sliced_wasserstein,raw_normalized_expression,0.6933333333333334,0.755843046874701,0.34,0.11589066592232015
crossline:K562+MCF7,0.5,coverage_mean,matched_control_referenced,0.9133333333333333,0.9492962962962963,0.5133333333333333,0.28840740740740745
crossline:K562+MCF7,0.5,coverage_mean,raw_normalized_expression,0.9133333333333333,0.9492962962962963,0.5133333333333333,0.28840740740740745
crossline:K562+MCF7,0.5,coverage_worst,matched_control_referenced,0.86,0.9115555555555555,0.46,0.25066666666666665
crossline:K562+MCF7,0.5,coverage_worst,raw_normalized_expression,0.86,0.9115555555555555,0.46,0.25066666666666665
crossline:K562+MCF7,0.5,global_energy,matched_control_referenced,0.8666666666666667,0.9230617095322977,0.4666666666666667,0.26217282064340885
crossline:K562+MCF7,0.5,global_energy,raw_normalized_expression,0.8666666666666667,0.9230617095322977,0.4666666666666667,0.26217282064340885
crossline:K562+MCF7,0.5,mmd_rbf,matched_control_referenced,0.88,0.9273679653679653,0.48,0.2664790764790765
crossline:K562+MCF7,0.5,mmd_rbf,raw_normalized_expression,0.88,0.9273679653679653,0.48,0.2664790764790765
crossline:K562+MCF7,0.5,sliced_wasserstein,matched_control_referenced,0.8,0.8757222222222222,0.4,0.21483333333333335
crossline:K562+MCF7,0.5,sliced_wasserstein,raw_normalized_expression,0.8,0.8757222222222222,0.4,0.21483333333333335
crossline:K562+MCF7,0.6,coverage_mean,matched_control_referenced,0.9,0.939563492063492,0.54,0.32145238095238093
crossline:K562+MCF7,0.6,coverage_mean,raw_normalized_expression,0.9,0.939563492063492,0.54,0.32145238095238093
crossline:K562+MCF7,0.6,coverage_worst,matched_control_referenced,0.92,0.9515873015873016,0.56,0.3334761904761905
crossline:K562+MCF7,0.6,coverage_worst,raw_normalized_expression,0.92,0.9515873015873016,0.56,0.3334761904761905
crossline:K562+MCF7,0.6,global_energy,matched_control_referenced,0.9,0.9383333333333334,0.54,0.32022222222222224
crossline:K562+MCF7,0.6,global_energy,raw_normalized_expression,0.9,0.9383333333333334,0.54,0.32022222222222224
crossline:K562+MCF7,0.6,mmd_rbf,matched_control_referenced,0.9,0.9387777777777777,0.54,0.32066666666666666
crossline:K562+MCF7,0.6,mmd_rbf,raw_normalized_expression,0.9,0.9387777777777777,0.54,0.32066666666666666
crossline:K562+MCF7,0.6,sliced_wasserstein,matched_control_referenced,0.84,0.9012010582010581,0.48,0.2830899470899471
crossline:K562+MCF7,0.6,sliced_wasserstein,raw_normalized_expression,0.84,0.9012010582010581,0.48,0.2830899470899471
crossline:K562+MCF7,0.7,coverage_mean,matched_control_referenced,0.9066666666666666,0.9434259259259259,0.6866666666666666,0.38342592592592595
crossline:K562+MCF7,0.7,coverage_mean,raw_normalized_expression,0.9066666666666666,0.9434259259259259,0.6866666666666666,0.38342592592592595
crossline:K562+MCF7,0.7,coverage_worst,matched_control_referenced,0.9133333333333333,0.9467037037037037,0.6933333333333334,0.3867037037037037
crossline:K562+MCF7,0.7,coverage_worst,raw_normalized_expression,0.9133333333333333,0.9467037037037037,0.6933333333333334,0.3867037037037037
crossline:K562+MCF7,0.7,global_energy,matched_control_referenced,0.9266666666666666,0.9573333333333333,0.7066666666666667,0.3973333333333333
crossline:K562+MCF7,0.7,global_energy,raw_normalized_expression,0.9266666666666666,0.9573333333333333,0.7066666666666667,0.3973333333333333
crossline:K562+MCF7,0.7,mmd_rbf,matched_control_referenced,0.9333333333333333,0.9611746031746031,0.7133333333333334,0.4011746031746032
crossline:K562+MCF7,0.7,mmd_rbf,raw_normalized_expression,0.9333333333333333,0.9611746031746031,0.7133333333333334,0.4011746031746032
crossline:K562+MCF7,0.7,sliced_wasserstein,matched_control_referenced,0.84,0.9036190476190477,0.62,0.34361904761904766
crossline:K562+MCF7,0.7,sliced_wasserstein,raw_normalized_expression,0.84,0.9036190476190477,0.62,0.34361904761904766
crossline:K562+MCF7,0.8,coverage_mean,matched_control_referenced,0.84,0.8962151486857368,0.6066666666666667,0.33321514868573693
crossline:K562+MCF7,0.8,coverage_mean,raw_normalized_expression,0.84,0.8962151486857368,0.6066666666666667,0.33321514868573693
crossline:K562+MCF7,0.8,coverage_worst,matched_control_referenced,0.8466666666666667,0.8972833333333333,0.6133333333333333,0.3342833333333333
crossline:K562+MCF7,0.8,coverage_worst,raw_normalized_expression,0.8466666666666667,0.8972833333333333,0.6133333333333333,0.3342833333333333
crossline:K562+MCF7,0.8,global_energy,matched_control_referenced,0.9133333333333333,0.955,0.68,0.392
crossline:K562+MCF7,0.8,global_energy,raw_normalized_expression,0.9133333333333333,0.955,0.68,0.392
crossline:K562+MCF7,0.8,mmd_rbf,matched_control_referenced,0.9066666666666666,0.9505555555555556,0.6733333333333333,0.38755555555555554
crossline:K562+MCF7,0.8,mmd_rbf,raw_normalized_expression,0.9066666666666666,0.9505555555555556,0.6733333333333333,0.38755555555555554
crossline:K562+MCF7,0.8,sliced_wasserstein,matched_control_referenced,0.8866666666666667,0.9383333333333334,0.6533333333333333,0.37533333333333335
crossline:K562+MCF7,0.8,sliced_wasserstein,raw_normalized_expression,0.8866666666666667,0.9383333333333334,0.6533333333333333,0.37533333333333335
crossline:K562+MCF7,0.9,coverage_mean,matched_control_referenced,0.68,0.7620034389118082,0.4,0.17516216907053844
crossline:K562+MCF7,0.9,coverage_mean,raw_normalized_expression,0.68,0.7620034389118082,0.4,0.17516216907053844
crossline:K562+MCF7,0.9,coverage_worst,matched_control_referenced,0.7466666666666667,0.7974128931005319,0.4666666666666667,0.21057162325926207
crossline:K562+MCF7,0.9,coverage_worst,raw_normalized_expression,0.7466666666666667,0.7974128931005319,0.4666666666666667,0.21057162325926207
crossline:K562+MCF7,0.9,global_energy,matched_control_referenced,0.8733333333333333,0.8995318970699642,0.5933333333333334,0.3126906272286944
crossline:K562+MCF7,0.9,global_energy,raw_normalized_expression,0.88,0.9046586075242609,0.6,0.3178173376829911
crossline:K562+MCF7,0.9,mmd_rbf,matched_control_referenced,0.88,0.9040108636842507,0.6,0.31716959384298093
crossline:K562+MCF7,0.9,mmd_rbf,raw_normalized_expression,0.88,0.9040108636842507,0.6,0.31716959384298093
crossline:K562+MCF7,0.9,sliced_wasserstein,matched_control_referenced,0.7933333333333333,0.8554666855516825,0.5133333333333333,0.26862541571041265
crossline:K562+MCF7,0.9,sliced_wasserstein,raw_normalized_expression,0.8066666666666666,0.8624851973158083,0.5266666666666666,0.27564392747453853
frangieh:Control+Co-culture,0.7,coverage_mean,matched_control_referenced,0.7,0.8333333333333334,0.7,0.4166666666666667
frangieh:Control+Co-culture,0.7,coverage_mean,raw_normalized_expression,0.7,0.8333333333333334,0.7,0.4166666666666667
frangieh:Control+Co-culture,0.7,coverage_worst,matched_control_referenced,0.6,0.7666666666666666,0.6,0.35
frangieh:Control+Co-culture,0.7,coverage_worst,raw_normalized_expression,0.6,0.7666666666666666,0.6,0.35
frangieh:Control+Co-culture,0.7,global_energy,matched_control_referenced,0.6,0.7833333333333333,0.6,0.3666666666666667
frangieh:Control+Co-culture,0.7,global_energy,raw_normalized_expression,0.6,0.7833333333333333,0.6,0.3666666666666667
frangieh:Control+Co-culture,0.7,mmd_rbf,matched_control_referenced,0.4,0.6416666666666666,0.4,0.225
frangieh:Control+Co-culture,0.7,mmd_rbf,raw_normalized_expression,0.4,0.6416666666666666,0.4,0.225
frangieh:Control+Co-culture,0.7,sliced_wasserstein,matched_control_referenced,0.7,0.8166666666666667,0.7,0.4
frangieh:Control+Co-culture,0.7,sliced_wasserstein,raw_normalized_expression,0.7,0.8166666666666667,0.7,0.4
frangieh:Control+IFNγ,0.7,coverage_mean,matched_control_referenced,0.6,0.7833333333333333,0.4,0.2666666666666667
frangieh:Control+IFNγ,0.7,coverage_mean,raw_normalized_expression,0.6,0.7833333333333333,0.4,0.2666666666666667
frangieh:Control+IFNγ,0.7,coverage_worst,matched_control_referenced,0.3,0.6166666666666666,0.1,0.1
frangieh:Control+IFNγ,0.7,coverage_worst,raw_normalized_expression,0.3,0.6166666666666666,0.1,0.1
frangieh:Control+IFNγ,0.7,global_energy,matched_control_referenced,0.8,0.9,0.6,0.3833333333333334
frangieh:Control+IFNγ,0.7,global_energy,raw_normalized_expression,0.8,0.9,0.6,0.3833333333333334
frangieh:Control+IFNγ,0.7,mmd_rbf,matched_control_referenced,0.5,0.7333333333333333,0.3,0.2166666666666667
frangieh:Control+IFNγ,0.7,mmd_rbf,raw_normalized_expression,0.5,0.7333333333333333,0.3,0.2166666666666667
frangieh:Control+IFNγ,0.7,sliced_wasserstein,matched_control_referenced,0.4,0.7,0.2,0.18333333333333335
frangieh:Control+IFNγ,0.7,sliced_wasserstein,raw_normalized_expression,0.4,0.7,0.2,0.18333333333333335
frangieh:IFNγ+Co-culture,0.7,coverage_mean,matched_control_referenced,1.0,1.0,0.0,0.0
frangieh:IFNγ+Co-culture,0.7,coverage_mean,raw_normalized_expression,1.0,1.0,0.0,0.0
frangieh:IFNγ+Co-culture,0.7,coverage_worst,matched_control_referenced,1.0,1.0,0.0,0.0
frangieh:IFNγ+Co-culture,0.7,coverage_worst,raw_normalized_expression,1.0,1.0,0.0,0.0
frangieh:IFNγ+Co-culture,0.7,global_energy,matched_control_referenced,1.0,1.0,0.0,0.0
frangieh:IFNγ+Co-culture,0.7,global_energy,raw_normalized_expression,1.0,1.0,0.0,0.0
frangieh:IFNγ+Co-culture,0.7,mmd_rbf,matched_control_referenced,1.0,1.0,0.0,0.0
frangieh:IFNγ+Co-culture,0.7,mmd_rbf,raw_normalized_expression,1.0,1.0,0.0,0.0
frangieh:IFNγ+Co-culture,0.7,sliced_wasserstein,matched_control_referenced,0.9,0.95,-0.1,-0.05
frangieh:IFNγ+Co-culture,0.7,sliced_wasserstein,raw_normalized_expression,0.9,0.95,-0.1,-0.05
