cell_line,query_drug,gdsc_drug,n_cand,query_magnitude,query_auc,energy_rho,energy_rho_uncentered,mean_cosine_ctrl_rho,mean_cosine_ctrl_rho_uncentered,mean_cosine_raw_rho,mean_cosine_raw_rho_uncentered,magnitude_only_rho,magnitude_only_rho_uncentered,magnitude_match_rho,magnitude_match_rho_uncentered,potency_match_rho,potency_match_rho_uncentered,energy_rho_partial_magmatch,oracle_vs_potencymatch_rho
A549,(+)-JQ1,JQ1,33,4.064007736029228,0.734237,-0.5207219251336899,-0.3044786096256685,0.001002673796791444,0.0731951871657754,-0.44986631016042783,-0.1985294117647059,0.7162433155080214,0.5581550802139037,0.6470588235294118,0.5120320855614974,0.7870989304812834,0.6557486631016043,-0.21390374331550804,0.7870989304812834
A549,A-366,A-366,33,1.624025655156508,0.970873,0.6834893048128343,0.6042780748663102,0.42413101604278075,0.2449866310160428,0.6079545454545454,0.5407754010695187,-0.6858288770053477,-0.6226604278074866,0.6467245989304814,0.591577540106952,0.8272058823529412,0.597927807486631,0.21056149732620322,0.8272058823529412
A549,ABT-737,ABT737,33,2.4893666447442526,0.901474,-0.04712566844919786,-0.2108957219251337,0.17179144385026737,0.2560160427807487,0.05681818181818182,-0.134024064171123,0.13736631016042783,0.40641711229946526,-0.18181818181818182,-0.14572192513368984,0.2092245989304813,0.07921122994652408,0.03258962157279564,0.2092245989304813
A549,AZ 960,AZ960,33,3.5690972314147826,0.747144,-0.015374331550802138,0.1467245989304813,0.2737299465240642,0.3355614973262032,-0.023729946524064172,0.14037433155080214,0.6273395721925134,0.49799465240641716,0.5989304812834225,0.47092245989304815,0.7042112299465241,0.6644385026737968,0.0411096256684492,0.7042112299465241
A549,Alisertib (MLN8237),Alisertib,33,2.701220216948174,0.756616,-0.2717245989304813,-0.14705882352941177,0.39371657754010697,0.38870320855614976,-0.2877673796791444,-0.15708556149732622,0.7042112299465241,0.5858957219251337,0.2362967914438503,0.20153743315508021,0.6624331550802139,0.6758021390374332,-0.34425133689839577,0.6624331550802139
A549,Avagacestat (BMS-708163),Avagacestat,33,1.5065784845759154,0.950203,0.6597593582887701,0.48161764705882354,0.13001336898395724,0.003008021390374332,0.6136363636363636,0.45788770053475936,-0.6768048128342247,-0.4939839572192514,0.6657754010695187,0.5103609625668449,0.7500000000000001,0.5889037433155081,-0.0250668449197861,0.7500000000000001
A549,BMS-536924,BMS-536924,33,3.199908565421629,0.731017,-0.1233288770053476,-0.10294117647058824,-0.021056149732620322,0.22560160427807488,-0.034090909090909095,0.05113636363636364,0.10862299465240642,0.2847593582887701,0.428475935828877,0.5882352941176471,0.23161764705882354,0.46390374331550804,-0.09525401069518717,0.23161764705882354
A549,BMS-754807,BMS-754807,33,3.4351461476696152,0.744667,-0.07419786096256685,0.02573529411764706,0.31951871657754016,0.39371657754010697,-0.080548128342246,0.02306149732620321,0.7172459893048129,0.6109625668449198,0.6681149732620322,0.5792112299465241,0.696524064171123,0.6547459893048129,-0.024398395721925134,0.696524064171123
A549,Bosutinib (SKI-606),Bosutinib,33,2.9253404853716316,0.92871,0.5294117647058824,-0.1677807486631016,-0.12633689839572193,-0.013034759358288772,0.4715909090909091,-0.22225935828877005,-0.6808155080213905,0.09024064171122995,-0.2667112299465241,0.14338235294117646,0.5691844919786097,-0.21189839572192515,0.5350935828877006,0.5691844919786097
A549,Cediranib (AZD2171),Cediranib,33,2.9932613010239097,0.830452,0.5868983957219251,0.3145053475935829,0.1179812834224599,0.2309491978609626,0.40340909090909094,0.38669786096256686,-0.5127005347593584,-0.05314171122994653,0.05247326203208557,0.4097593582887701,-0.27941176470588236,0.10762032085561499,0.580548128342246,-0.27941176470588236
A549,Crizotinib (PF-02341066),Crizotinib,33,3.077783898620598,0.849685,-0.20421122994652408,-0.12433155080213903,0.4946524064171123,0.49131016042780756,0.008021390374331552,0.08021390374331552,0.6473930481283422,0.5578208556149733,0.42413101604278075,0.3663101604278075,0.2259358288770054,0.28308823529411764,-0.2613636363636364,0.2259358288770054
A549,Dasatinib,Dasatinib,33,2.588717260319786,0.769314,0.5160427807486632,0.3235294117647059,-0.01270053475935829,0.09859625668449198,0.34792780748663105,0.22493315508021391,-0.5167112299465241,-0.27540106951871657,0.17245989304812834,0.23262032085561501,-0.38168449197860965,-0.16042780748663105,0.5030080213903744,-0.38168449197860965
A549,Entinostat (MS-275),Entinostat,33,5.823067397511505,0.826391,-0.29946524064171126,-0.30648395721925137,0.10929144385026739,0.08489304812834225,-0.0661764705882353,-0.042446524064171126,0.5665106951871658,0.5377673796791445,0.5665106951871658,0.5377673796791445,0.4535427807486631,0.5106951871657754,-0.09792780748663102,0.4535427807486631
A549,"Fluorouracil (5-Fluoracil, 5-FU)",5-Fluorouracil,33,4.5428372872188785,0.760524,-0.1804812834224599,0.008021390374331552,0.080548128342246,0.3592914438502674,-0.11363636363636365,0.0822192513368984,0.5073529411764707,0.5885695187165776,0.5284090909090909,0.5775401069518717,0.2306149732620321,0.44652406417112306,-0.11864973262032086,0.2306149732620321
A549,Fulvestrant,Fulvestrant,33,1.4579323694174582,0.977923,0.6634358288770054,0.5691844919786097,0.39471925133689845,0.3917112299465241,0.5782085561497327,0.46423796791443855,-0.6754679144385027,-0.5711898395721925,0.6634358288770054,0.5437834224598931,0.8111631016042781,0.5711898395721925,0.11764705882352942,0.8111631016042781
A549,GSK-LSD1 2HCl,GSK-LSD1-2HCl ,33,1.5074151564547704,0.97398,0.6550802139037434,0.5661764705882353,0.034759358288770054,0.09324866310160429,0.5598262032085563,0.48796791443850274,-0.681149732620321,-0.565173796791444,0.6681149732620322,0.5524732620320856,0.8078208556149733,0.5648395721925135,0.01270053475935829,0.8078208556149733
A549,Lenalidomide (CC-5013),Lenalidomide,33,1.3488657555158323,0.972176,0.6644385026737968,0.4408422459893049,0.15441176470588236,0.019719251336898398,0.6066176470588236,0.3723262032085562,-0.6671122994652406,-0.4451871657754011,0.6671122994652406,0.4451871657754011,0.8298796791443851,0.5123663101604279,0.04779411764705883,0.8298796791443851
A549,"Luminespib (AUY-922, NVP-AUY922)",Luminespib,33,1.9753613731372248,0.509277,-0.5581550802139037,-0.5010026737967915,0.26036096256684493,0.2710561497326203,-0.5501336898395722,-0.4822860962566845,0.7182486631016044,0.6490641711229947,-0.6062834224598931,-0.5197192513368984,0.9087566844919788,0.7560160427807487,-0.1985294117647059,0.9087566844919788
A549,Navitoclax (ABT-263),Navitoclax,33,3.854141764698048,0.873974,0.365975935828877,-0.07286096256684492,0.008689839572192513,0.021056149732620322,0.43516042780748665,0.09024064171122995,-0.33990641711229946,0.2142379679144385,-0.2663770053475936,0.23863636363636365,0.4475267379679144,0.16510695187165778,0.20020053475935828,0.4475267379679144
A549,Nilotinib (AMN-107),Nilotinib,33,1.547290008053679,0.960452,0.6544117647058825,-0.3108288770053476,0.058155080213903754,-0.05147058823529412,0.5939171122994653,-0.2142379679144385,-0.6373663101604278,0.3145053475935829,0.6390374331550803,-0.24866310160427807,0.8265374331550803,-0.016042780748663103,0.1557486631016043,0.8265374331550803
A549,Obatoclax Mesylate (GX15-070),Obatoclax Mesylate,33,2.6997215168085873,0.671246,-0.7065508021390374,-0.5872326203208557,0.09191176470588236,0.11497326203208558,-0.616644385026738,-0.47393048128342247,0.7118983957219251,0.6052807486631016,0.14772727272727273,0.15474598930481284,0.8432486631016043,0.6634358288770054,-0.7409759358288771,0.8432486631016043
A549,PCI-34051,PCI-34051,33,1.8448017103994923,0.943246,0.6637700534759359,-0.14939839572192515,-0.18683155080213906,0.30280748663101603,0.5240641711229946,-0.04712566844919786,-0.6868315508021391,0.19552139037433156,0.5561497326203209,-0.09525401069518717,0.8241978609625669,-0.02573529411764706,0.31417112299465244,0.8241978609625669
A549,PD173074,PD173074,33,1.6763838700309885,0.959716,0.68048128342246,-0.11564171122994654,-0.10695187165775402,0.10260695187165776,0.6380347593582888,-0.13201871657754014,-0.6467245989304814,0.16510695187165778,0.6036096256684492,-0.11463903743315508,0.7523395721925135,-0.1266711229946524,0.4488636363636364,0.7523395721925135
A549,PFI-1 (PF-6405761),PFI-1,33,2.8577445227737366,0.881062,0.5320855614973262,0.17479946524064172,-0.0912433155080214,0.10160427807486631,0.47961229946524064,0.06550802139037433,-0.6781417112299466,-0.0645053475935829,-0.3532754010695187,0.03843582887700535,0.11898395721925133,-0.24732620320855614,0.5250668449197862,0.11898395721925133
A549,"Rucaparib (AG-014699,PF-01367338) phosphate",Rucaparib,33,2.1068480871090975,0.981276,0.34959893048128343,0.5267379679144385,-0.3161764705882353,-0.0945855614973262,0.3699866310160428,0.5030080213903744,-0.6868315508021391,-0.5745320855614974,0.3572860962566845,0.3482620320855615,0.8602941176470589,0.6306818181818182,0.20220588235294118,0.8602941176470589
A549,Ruxolitinib (INCB018424),Ruxolitinib,33,1.733212321357964,0.942,0.6427139037433155,0.3813502673796792,0.29913101604278075,-0.22794117647058826,0.5902406417112299,0.3626336898395722,-0.6637700534759359,-0.4615641711229947,0.5795454545454546,0.4157754010695187,0.74298128342246,0.38736631016042783,0.21189839572192515,0.74298128342246
A549,Sorafenib Tosylate,Sorafenib,33,3.9232503523610225,0.855526,0.5909090909090909,-0.1911764705882353,0.05080213903743316,0.18482620320855617,0.5494652406417113,-0.07720588235294118,-0.661764705882353,0.4585561497326203,-0.6554144385026738,0.40641711229946526,-0.03643048128342246,0.20320855614973263,0.25133689839572193,-0.03643048128342246
A549,Tanespimycin (17-AAG),Tanespimycin,33,3.8944840369176887,0.527859,0.33990641711229946,0.0016711229946524066,0.23663101604278075,0.34024064171123,0.26537433155080214,-0.002005347593582888,-0.2563502673796792,0.22225935828877005,-0.22794117647058826,0.26336898395721925,0.06350267379679145,0.5461229946524064,0.11330213903743316,0.06350267379679145
A549,"Temsirolimus (CCI-779, NSC 683864)",Temsirolimus,33,2.2183899317558473,0.774519,0.43114973262032086,0.056149732620320865,-0.36397058823529416,-0.4204545454545455,0.33890374331550804,-0.002005347593582888,-0.5725267379679145,-0.17780748663101606,0.39371657754010697,0.2894385026737968,-0.5665106951871658,-0.2362967914438503,0.18181818181818182,-0.5665106951871658
A549,Trametinib (GSK1120212),Trametinib,33,4.77192510207286,0.534255,0.4605614973262032,0.4729278074866311,-0.0016711229946524066,0.06350267379679145,0.2710561497326203,0.36296791443850274,-0.48963903743315507,-0.4184491978609626,-0.46524064171123003,-0.39572192513368987,-0.38770053475935834,-0.28342245989304815,0.23462566844919788,-0.38770053475935834
A549,UNC0379,UNC0379,33,4.7934614794067185,0.899843,0.3455882352941177,0.09024064171122995,0.23128342245989308,0.23161764705882354,0.5046791443850268,0.4842914438502674,-0.09291443850267381,0.31216577540106955,-0.09926470588235295,0.30280748663101603,0.07252673796791445,-0.1948529411764706,0.2573529411764706,0.07252673796791445
A549,Veliparib (ABT-888),Veliparib,33,1.3180406968565317,0.977367,0.6697860962566845,0.6156417112299465,0.13569518716577542,0.10160427807486631,0.591577540106952,0.5447860962566845,-0.6724598930481284,-0.6203208556149733,0.6724598930481284,0.6203208556149733,0.8295454545454547,0.617312834224599,0.024732620320855617,0.8295454545454547
A549,XAV-939,XAV939,33,2.3825632317574192,0.942597,0.6303475935828877,0.47459893048128343,-0.1504010695187166,-0.39973262032085566,0.5180481283422461,0.4789438502673797,-0.6981951871657754,-0.6407085561497327,0.13903743315508021,0.21356951871657756,0.7272727272727273,0.44117647058823534,0.5935828877005348,0.7272727272727273
A549,ZM 447439,ZM447439,33,3.3354172156412036,0.828413,-0.12767379679144386,-0.0411096256684492,0.1771390374331551,0.161096256684492,-0.2396390374331551,-0.10093582887700536,0.7018716577540107,0.5815508021390374,0.5775401069518717,0.4923128342245989,0.4839572192513369,0.4565508021390375,-0.1537433155080214,0.4839572192513369
K562,(+)-JQ1,JQ1,33,5.543761392607591,0.892312,-0.1734625668449198,-0.034759358288770054,0.31951871657754016,0.3355614973262032,-0.1677807486631016,-0.034759358288770054,0.5614973262032086,0.5147058823529412,0.5233957219251337,0.4852941176470589,0.39872994652406424,0.17145721925133692,-0.06149732620320855,0.39872994652406424
K562,A-366,A-366,33,1.7753801049890903,0.967305,0.46590909090909094,0.47827540106951877,-0.1266711229946524,-0.170120320855615,0.4017379679144385,0.41778074866310166,-0.47459893048128343,-0.5073529411764707,0.47459893048128343,0.5073529411764707,0.42413101604278075,0.5247326203208557,0.08322192513368984,0.42413101604278075
K562,ABT-737,ABT737,33,2.3810772077334232,0.853671,0.05915775401069519,-0.14572192513368984,0.06517379679144385,0.04512032085561497,0.10661764705882353,-0.0768716577540107,0.04913101604278075,0.26838235294117646,0.125,-0.02540106951871658,0.2503342245989305,0.33990641711229946,-0.13995487724044137,0.2503342245989305
K562,AZ 960,AZ960,33,2.433860543007289,0.881096,-0.4893048128342246,-0.3532754010695187,0.37466577540106955,0.27807486631016043,-0.29913101604278075,-0.18114973262032086,0.4986631016042781,0.3663101604278075,-0.26403743315508027,-0.2730614973262032,0.36363636363636365,0.15775401069518719,-0.44819518716577544,0.36363636363636365
K562,Alisertib (MLN8237),Alisertib,33,4.490972121448748,0.889695,0.023729946524064172,-0.07854278074866311,0.44117647058823534,0.28843582887700536,0.12266042780748664,0.043114973262032084,0.4538770053475936,0.31216577540106955,0.4024064171122995,0.2667112299465241,0.40942513368983957,0.30013368983957217,-0.09090909090909091,0.40942513368983957
K562,Avagacestat (BMS-708163),Avagacestat,33,1.790152630021279,0.980039,0.5060160427807487,0.3365641711229947,0.13201871657754014,0.08923796791443851,0.4488636363636364,0.28241978609625673,-0.48195187165775405,-0.31818181818181823,0.4886363636363637,0.322192513368984,0.4729278074866311,0.29244652406417115,0.002005347593582888,0.4729278074866311
K562,BMS-536924,BMS-536924,33,2.5106885070407503,0.890638,-0.021724598930481284,-0.10260695187165776,0.35193850267379684,0.52774064171123,0.02774064171122995,-0.013034759358288772,0.10060160427807488,0.24532085561497327,-0.044451871657754015,-0.1771390374331551,0.029077540106951877,-0.01270053475935829,0.02038770053475936,0.029077540106951877
K562,BMS-754807,BMS-754807,33,2.4530893634893696,0.933815,-0.40407754010695185,-0.3145053475935829,0.14772727272727273,0.13736631016042783,-0.3582887700534759,-0.24866310160427807,0.5157085561497327,0.41945187165775405,-0.23195187165775402,-0.18449197860962568,-0.09692513368983958,-0.07118983957219252,-0.4318181818181818,-0.09692513368983958
K562,Bosutinib (SKI-606),Bosutinib,33,4.369168171328044,0.612954,-0.06517379679144385,0.1019385026737968,-0.37299465240641716,0.2005347593582888,-0.1895053475935829,0.12165775401069519,-0.48128342245989303,0.09625668449197862,-0.3342245989304813,0.17279411764705885,-0.6998663101604279,-0.20287433155080214,-0.007018716577540108,-0.6998663101604279
K562,Cediranib (AZD2171),Cediranib,33,3.5934448028466823,0.839265,0.3526069518716578,0.3088235294117647,0.030080213903743314,0.3225267379679144,0.2075534759358289,0.4268048128342246,-0.29979946524064177,0.013034759358288772,-0.10728609625668449,0.20989304812834228,-0.49766042780748665,-0.2847593582887701,0.4278074866310161,-0.49766042780748665
K562,Crizotinib (PF-02341066),Crizotinib,33,4.905031009850946,0.768596,0.049799465240641716,0.02774064171122995,0.3806818181818182,0.32720588235294124,0.10795454545454546,0.10461229946524064,0.34090909090909094,0.3258689839572193,0.3018048128342246,0.25935828877005346,0.5775401069518717,0.4385026737967915,-0.08088235294117647,0.5775401069518717
K562,Dasatinib,Dasatinib,33,4.609340048112013,0.204693,0.10427807486631017,0.1948529411764706,-0.134024064171123,0.026737967914438505,-0.047459893048128345,0.08823529411764706,-0.33021390374331555,-0.18750000000000003,-0.24298128342245992,-0.10294117647058824,-0.22560160427807488,-0.054812834224598934,0.30414438502673796,-0.22560160427807488
K562,Entinostat (MS-275),Entinostat,33,7.1461735418378565,0.905502,-0.1303475935828877,-0.12767379679144386,0.09291443850267381,0.125,0.10795454545454546,0.06517379679144385,0.32419786096256686,0.33856951871657753,0.32419786096256686,0.33856951871657753,0.46524064171123003,0.23830213903743316,-0.12165775401069519,0.46524064171123003
K562,"Fluorouracil (5-Fluoracil, 5-FU)",5-Fluorouracil,33,1.7699234387773415,0.967441,-0.45120320855614976,-0.5227272727272728,0.05314171122994653,0.036096256684491984,-0.3910427807486631,-0.43014705882352944,0.47693850267379684,0.5310828877005348,-0.47693850267379684,-0.5310828877005348,-0.17479946524064172,-0.2927807486631016,0.07486631016042782,-0.17479946524064172
K562,Fulvestrant,Fulvestrant,33,1.964256555293525,0.9906,0.5130347593582888,0.4632352941176471,-0.15474598930481284,-0.22794117647058826,0.38268716577540113,0.3258689839572193,-0.5043449197860963,-0.47393048128342247,0.5494652406417113,0.5167112299465241,0.5080213903743316,0.4682486631016043,0.024732620320855617,0.5080213903743316
K562,GSK-LSD1 2HCl,GSK-LSD1-2HCl ,33,2.736214226146487,0.959105,0.5083556149732621,0.42914438502673796,-0.0411096256684492,-0.0357620320855615,0.3542780748663102,0.27907754010695185,-0.5137032085561497,-0.4328208556149733,0.10628342245989306,0.02573529411764706,0.35193850267379684,0.41042780748663105,0.6564171122994653,0.35193850267379684
K562,Lenalidomide (CC-5013),Lenalidomide,33,1.9971127706666725,0.984845,0.49799465240641716,0.3813502673796792,-0.04478609625668449,0.001002673796791444,0.40274064171123,0.3145053475935829,-0.4842914438502674,-0.34358288770053474,0.5220588235294118,0.3910427807486631,0.49131016042780756,0.4695855614973262,-0.04144385026737968,0.49131016042780756
K562,"Luminespib (AUY-922, NVP-AUY922)",Luminespib,33,5.175200752231986,0.657193,0.2449866310160428,0.26838235294117646,0.5538101604278075,0.5782085561497327,0.330548128342246,0.32319518716577544,0.5240641711229946,0.4993315508021391,0.5294117647058824,0.5133689839572193,0.582553475935829,0.5354278074866311,0.11029411764705883,0.582553475935829
K562,Navitoclax (ABT-263),Navitoclax,33,2.8810810620843426,0.879968,0.40407754010695185,0.039438502673796796,-0.1290106951871658,0.12032085561497326,0.44217914438502676,0.1266711229946524,-0.27807486631016043,0.1771390374331551,0.26771390374331555,0.21691176470588236,-0.03375668449197861,0.330548128342246,0.2934491978609626,-0.03375668449197861
K562,Nilotinib (AMN-107),Nilotinib,33,5.288839706534085,0.411218,-0.11163101604278076,0.016377005347593582,-0.4759358288770053,0.08088235294117647,-0.2774064171122995,0.029077540106951877,-0.5307486631016043,0.10360962566844921,-0.5340909090909091,0.03843582887700535,-0.5778743315508021,0.04913101604278075,0.09491978609625669,-0.5778743315508021
K562,Obatoclax Mesylate (GX15-070),Obatoclax Mesylate,33,4.25151022873376,0.836853,-0.25133689839572193,-0.16042780748663105,0.3405748663101605,0.38335561497326204,-0.26437165775401067,-0.25,0.5417780748663102,0.5150401069518717,0.4455213903743316,0.4618983957219252,0.45721925133689845,0.2857620320855615,-0.17245989304812834,0.45721925133689845
K562,PCI-34051,PCI-34051,33,1.8951662133861236,0.985863,0.5474598930481284,-0.1467245989304813,-0.19418449197860962,0.07987967914438504,0.4278074866310161,-0.10862299465240642,-0.5477941176470589,0.13502673796791445,0.5832219251336899,-0.14572192513368984,0.5628342245989305,-0.042112299465240643,0.1627673796791444,0.5628342245989305
K562,PD173074,PD173074,33,1.9028871115252644,0.980083,0.5688502673796791,-0.080548128342246,0.08255347593582889,0.1380347593582888,0.40040106951871657,-0.09692513368983958,-0.5344251336898396,0.07419786096256685,0.5528074866310161,-0.04946524064171123,0.5377673796791445,-0.035093582887700536,0.10528074866310161,0.5377673796791445
K562,PFI-1 (PF-6405761),PFI-1,33,5.511371016192673,0.951003,0.20855614973262035,0.35795454545454547,-0.16343582887700536,0.31417112299465244,0.21858288770053477,0.09859625668449198,-0.5217245989304813,0.07185828877005349,-0.49565508021390375,0.12165775401069519,0.3245320855614974,0.04044117647058824,0.04913101604278075,0.3245320855614974
K562,"Rucaparib (AG-014699,PF-01367338) phosphate",Rucaparib,33,1.9651399677625916,0.965869,0.5705213903743316,0.6226604278074866,-0.0036764705882352945,0.07052139037433156,0.49131016042780756,0.5925802139037434,-0.5294117647058824,-0.5995989304812835,0.5802139037433156,0.616644385026738,0.4585561497326203,0.6507352941176471,0.10461229946524064,0.4585561497326203
K562,Ruxolitinib (INCB018424),Ruxolitinib,33,1.8887145760751782,0.960993,0.5461229946524064,0.43582887700534767,-0.017379679144385027,0.13302139037433156,0.39037433155080214,0.2857620320855615,-0.5033422459893049,-0.38536096256684493,0.5421122994652406,0.4438502673796792,0.39471925133689845,0.2917780748663102,0.1129679144385027,0.39471925133689845
K562,Sorafenib Tosylate,Sorafenib,33,3.9268479106560825,0.811684,0.20153743315508021,-0.1821524064171123,-0.39271390374331555,0.28409090909090906,0.11330213903743316,0.058489304812834236,-0.4341577540106952,0.42914438502673796,-0.41143048128342247,0.29411764705882354,-0.3562834224598931,0.4151069518716578,0.24264705882352944,-0.3562834224598931
K562,Tanespimycin (17-AAG),Tanespimycin,33,5.413060270758401,0.789399,0.24298128342245992,0.3021390374331551,0.03877005347593583,0.33689839572192515,0.1681149732620321,0.30314171122994654,-0.1360294117647059,0.18582887700534761,-0.06651069518716578,0.25300802139037437,-0.33923796791443855,0.024398395721925134,0.26871657754010697,-0.33923796791443855
K562,"Temsirolimus (CCI-779, NSC 683864)",Temsirolimus,33,2.2051131933030375,0.955521,0.3863636363636364,-0.03977272727272728,0.013368983957219253,-0.17613636363636365,0.2556818181818182,-0.10160427807486631,-0.3522727272727273,0.019050802139037436,0.15474598930481284,-0.12600267379679145,0.27473262032085566,-0.01838235294117647,0.4839572192513369,0.27473262032085566
K562,Trametinib (GSK1120212),Trametinib,33,4.861413409320604,0.892222,-0.059826203208556146,-0.007352941176470589,-0.2523395721925134,-0.17546791443850268,-0.13168449197860962,-0.06283422459893048,-0.3038101604278075,-0.2269385026737968,-0.30013368983957217,-0.20020053475935828,-0.4331550802139038,-0.43081550802139046,0.15073529411764705,-0.4331550802139038
K562,UNC0379,UNC0379,33,3.8118266512966414,0.969889,0.1360294117647059,-0.08589572192513369,0.08890374331550803,0.20688502673796794,0.19217914438502673,-0.10227272727272728,-0.07954545454545456,0.2302807486631016,-0.20086898395721925,0.1410427807486631,0.24331550802139038,-0.15775401069518719,0.06383689839572193,0.24331550802139038
K562,Veliparib (ABT-888),Veliparib,33,1.8140531908845492,0.986578,0.5147058823529412,0.5511363636363636,0.29445187165775405,0.28743315508021394,0.39438502673796794,0.4391711229946524,-0.4839572192513369,-0.5227272727272728,0.500668449197861,0.5397727272727273,0.5080213903743316,0.5,-0.011697860962566845,0.5080213903743316
K562,XAV-939,XAV939,33,1.8362427628748192,0.9691,0.5207219251336899,0.5143716577540107,0.4057486631016043,0.3820187165775401,0.44719251336898397,0.4495320855614973,-0.5150401069518717,-0.5106951871657754,0.5457887700534759,0.5401069518716578,0.42446524064171126,0.43048128342245995,-0.08790106951871658,0.42446524064171126
K562,ZM 447439,ZM447439,33,3.1965652357777037,0.941913,-0.4107620320855615,-0.3572860962566845,-0.15508021390374332,-0.12834224598930483,-0.4007352941176471,-0.3178475935828877,0.5147058823529412,0.43014705882352944,0.06918449197860962,0.027072192513368988,-0.34291443850267384,-0.2647058823529412,-0.438836898395722,-0.34291443850267384
MCF7,(+)-JQ1,JQ1,34,5.585752288575289,0.679716,-0.27547746371275783,-0.05087853323147441,0.0013750954927425514,0.10404889228418639,-0.07990832696715049,0.04629488158899923,0.45301757066462944,0.38242933537051177,0.44965622612681433,0.38365164247517186,0.414209320091673,0.3203972498090145,-0.25286478227654696,0.414209320091673
MCF7,A-366,A-366,33,1.2397156069228497,0.9825,0.4445187165775401,0.32620320855614976,-0.11163101604278076,-0.3897058823529412,0.4375,0.32486631016042783,-0.4391711229946524,-0.37299465240641716,0.3673128342245989,0.3255347593582888,0.5,0.48629679144385035,0.11397058823529413,0.5
MCF7,ABT-737,ABT737,34,1.2979756368035975,0.894256,0.07318563789152024,-0.1144385026737968,0.1067990832696715,0.03437738731856379,0.0750190985485103,-0.1229946524064171,-0.009931245225362872,0.15844155844155844,0.08785332314744079,-0.07104660045836517,0.19511077158135978,0.29809014514896864,0.03162719633307868,0.19511077158135978
MCF7,AZ 960,AZ960,34,1.6864377240405388,0.969584,0.0826585179526356,0.13246753246753246,0.37967914438502676,0.2641711229946524,0.07410236822001527,0.12605042016806722,0.36501145912910615,0.26844919786096255,0.08113063407181054,0.07563025210084033,-0.4802139037433155,-0.31581359816653937,0.00748663101604278,-0.4802139037433155
MCF7,Alisertib (MLN8237),Alisertib,34,1.5594008920273303,0.945417,0.01145912910618793,0.11779984721161191,0.6110007639419404,0.6204736440030557,0.048128342245989296,0.1367456073338426,0.38915202444614205,0.28617265087853316,-0.026126814362108473,-0.002902979373567609,0.05576776165011458,0.11107715813598167,0.13705118411000763,0.05576776165011458
MCF7,Avagacestat (BMS-708163),Avagacestat,34,1.2505884673163472,0.97997,0.4062643239113827,0.3952635599694423,-0.14805194805194805,0.10129870129870129,0.4197097020626432,0.3937356760886172,-0.43407181054239874,-0.41879297173414815,0.3503437738731856,0.3842627960275019,0.5055767761650114,0.6403361344537815,0.06707410236822,0.5055767761650114
MCF7,BMS-536924,BMS-536924,34,1.9901456841333531,0.927373,0.3952635599694423,0.42796027501909845,0.6693659281894575,0.7705118411000763,0.45821237585943464,0.4829640947288006,0.10832696715049654,0.2568372803666921,0.2751718869365928,0.33414820473644,-0.057906799083269664,0.04201680672268907,0.2189457601222307,-0.057906799083269664
MCF7,BMS-754807,BMS-754807,34,2.2218615204133094,0.827285,0.2082505729564553,0.18716577540106952,0.42368220015278835,0.31764705882352934,0.19786096256684488,0.2085561497326203,0.3537051184110008,0.27731092436974786,0.306951871657754,0.19511077158135978,0.32742551566080974,0.28953399541634833,-0.009320091673032849,0.32742551566080974
MCF7,Bosutinib (SKI-606),Bosutinib,34,2.5815831169253762,0.977086,0.31122994652406416,0.19052711993888463,-0.06860198624904508,0.34484339190221536,0.14866310160427806,0.2696715049656226,-0.37448433919022156,0.09977081741787625,-0.25133689839572193,0.13582887700534757,0.4884644766997708,-0.004430863254392665,0.31336898395721924,0.4884644766997708
MCF7,Cediranib (AZD2171),Cediranib,34,2.631456462078997,0.920564,0.1944996180290298,0.42704354469060346,0.17708174178762415,0.5446906035141329,0.18013750954927424,0.4297937356760886,-0.15966386554621848,0.08388082505729565,0.03712757830404889,0.33475935828877,-0.10404889228418639,0.13155080213903741,0.21436210847975554,-0.10404889228418639
MCF7,Crizotinib (PF-02341066),Crizotinib,34,2.1728643487376758,0.946725,0.1969442322383499,0.20733384262796029,0.37754010695187157,0.37173414820473644,0.21925133689839568,0.22994652406417113,0.3051184110007639,0.26264323911382736,0.2308632543926661,0.1229946524064171,0.15844155844155844,0.14866310160427806,0.017265087853323147,0.15844155844155844
MCF7,Dasatinib,Dasatinib,34,2.5840544535717056,0.983128,0.25500381970970204,0.38395721925133686,0.17799847211611916,0.4563789152024446,0.27731092436974786,0.41818181818181815,-0.3194805194805195,-0.17280366692131396,-0.04660045836516424,0.12360580595874712,0.4621848739495798,0.3757066462948816,0.28770053475935825,0.4621848739495798
MCF7,Entinostat (MS-275),Entinostat,34,6.441041835020935,0.93085,0.1361344537815126,0.07471352177234529,0.12452253628724218,0.08663101604278074,0.16944232238349885,0.09243697478991594,0.17738731856378911,0.1868601986249045,0.17738731856378911,0.1868601986249045,0.14530175706646295,0.1636363636363636,0.17983193277310922,0.14530175706646295
MCF7,"Fluorouracil (5-Fluoracil, 5-FU)",5-Fluorouracil,34,1.186530604807448,0.860799,-0.29106187929717336,-0.2064171122994652,0.37540106951871655,0.5300229182582123,-0.2987012987012987,-0.21283422459893048,0.4661573720397249,0.4041252864782276,-0.492436974789916,-0.41359816653934295,-0.22658517952635596,-0.08204736440030558,0.2831168831168831,-0.22658517952635596
MCF7,Fulvestrant,Fulvestrant,34,3.907260397369497,0.815628,0.16394194041252863,0.18197097020626432,-0.3420932009167303,-0.20550038197097018,0.017265087853323147,0.062184873949579826,-0.5165775401069518,-0.3619556913674561,-0.4716577540106952,-0.2711993888464476,-0.4502673796791444,-0.4349885408708938,-0.2504201680672269,-0.4502673796791444
MCF7,GSK-LSD1 2HCl,GSK-LSD1-2HCl ,33,1.1016138603762868,0.971199,0.365975935828877,0.30514705882352944,-0.36864973262032086,-0.1574197860962567,0.35394385026737973,0.30280748663101603,-0.42914438502673796,-0.35795454545454547,0.42446524064171126,0.35795454545454547,0.4649064171122995,0.5147058823529412,-0.18282085561497327,0.4649064171122995
MCF7,Lenalidomide (CC-5013),Lenalidomide,34,0.985627245045498,0.98008,0.38059587471352174,0.10802139037433155,0.3152024446142093,0.1367456073338426,0.3747899159663865,0.10557677616501145,-0.35951107715813596,-0.12513368983957218,0.35951107715813596,0.12513368983957218,0.43376623376623374,0.37417876241405656,0.22536287242169592,0.43376623376623374
MCF7,"Luminespib (AUY-922, NVP-AUY922)",Luminespib,34,3.236525253766631,0.717916,0.2782276546982429,0.26325439266615736,0.5370511841100076,0.5312452253628723,0.31642475171886936,0.25317035905271196,0.5061879297173414,0.46462948815889993,0.42582123758594337,0.4047364400305577,0.4783804430863254,0.43743315508021385,0.26906035141329254,0.4783804430863254
MCF7,Navitoclax (ABT-263),Navitoclax,34,1.7937388820465372,0.859172,0.307868601986249,-0.11566080977845683,0.2378915202444614,0.2360580595874713,0.27975553857906793,-0.12085561497326203,-0.2400305576776165,0.1902215431627196,0.11352177234530175,0.06921313980137508,0.04048892284186402,0.15935828877005345,0.3093964858670741,0.04048892284186402
MCF7,Nilotinib (AMN-107),Nilotinib,34,1.3361057512148262,0.876889,0.43896103896103894,-0.10068754774637127,0.2345301757066463,-0.13980137509549273,0.44354469060351404,-0.09824293353705117,-0.43743315508021385,0.006264323911382734,0.27853323147440795,0.08479755538579069,-0.26142093200916733,-0.09213139801375095,0.3964858670741024,-0.26142093200916733
MCF7,Obatoclax Mesylate (GX15-070),Obatoclax Mesylate,33,3.638578854469226,0.693005,-0.2269385026737968,-0.07052139037433156,0.13770053475935828,0.2613636363636364,-0.12433155080213903,-0.04344919786096257,0.5497994652406417,0.456885026737968,0.4391711229946524,0.33689839572192515,0.4679144385026739,0.411764705882353,-0.17413101604278075,0.4679144385026739
MCF7,PCI-34051,PCI-34051,34,1.3562622571640226,0.97438,0.31886936592818943,0.09396485867074102,-0.2935064935064935,0.3485103132161956,0.24125286478227656,0.13857906799083267,-0.43682200152788386,0.03773873185637892,0.23177998472116115,0.07104660045836517,0.4954927425515661,0.02032085561497326,0.1816653934300993,0.4954927425515661
MCF7,PD173074,PD173074,34,1.0565769214016891,0.983312,0.3659281894576012,-0.03162719633307868,-0.21405653170359049,0.4111535523300229,0.35126050420168065,-0.038349885408708935,-0.43223834988540866,0.07746371275783039,0.43682200152788386,-0.07471352177234529,0.5199388846447669,0.3414820473644003,-0.17616501145912908,0.5199388846447669
MCF7,PFI-1 (PF-6405761),PFI-1,34,5.534206523915738,0.902744,0.22750190985485103,0.06585179526355996,0.027349121466768524,-0.015431627196333078,0.13705118411000763,-0.1547746371275783,-0.4056531703590527,0.057601222307104655,-0.4035141329258976,0.06646294881588999,-0.33475935828877,-0.15599694423223834,0.2323911382734912,-0.33475935828877
MCF7,"Rucaparib (AG-014699,PF-01367338) phosphate",Rucaparib,34,1.2975955238154364,0.972229,0.40748663101604277,0.4722689075630252,-0.011153552330022918,0.07349121466768525,0.39220779220779217,0.4649350649350649,-0.42826585179526355,-0.4765469824293353,0.29931245225362874,0.32650878533231475,0.466768525592055,0.5856378915202445,0.23391902215431626,0.466768525592055
MCF7,Ruxolitinib (INCB018424),Ruxolitinib,34,1.4584862192186998,0.970127,0.34087089381207025,0.22505729564553092,-0.07379679144385026,-0.2400305576776165,0.3179526355996944,0.2449197860962567,-0.40259740259740256,-0.33414820473644,0.018792971734148203,0.09763177998472114,0.4212375859434683,0.6183346065699006,0.5199388846447669,0.4212375859434683
MCF7,Sorafenib Tosylate,Sorafenib,34,3.2959463447376547,0.805326,0.40718105423987777,0.03957219251336898,0.21038961038961038,0.28678380443086327,0.4050420168067226,0.04782276546982429,-0.44904507257448434,0.2727272727272727,-0.43621084797555376,0.04751718869365927,-0.15660809778456838,0.39312452253628716,0.4105423987776929,-0.15660809778456838
MCF7,Tanespimycin (17-AAG),Tanespimycin,34,3.2999623590180067,0.822561,0.19083269671504965,0.2608097784568372,0.23147440794499619,0.43743315508021385,0.1917494270435447,0.2864782276546982,-0.0426279602750191,0.24950343773873185,0.10649350649350649,0.2751718869365928,-0.20916730328495034,-0.026126814362108473,0.18288770053475933,-0.20916730328495034
MCF7,"Temsirolimus (CCI-779, NSC 683864)",Temsirolimus,34,1.6411360839009221,0.835436,0.008403361344537815,-0.04140565317035905,-0.31673032849503435,-0.03682200152788388,-0.02459893048128342,-0.06004583651642475,-0.2519480519480519,-0.003819709702062643,-0.18013750954927424,-0.1944996180290298,-0.4087089381207028,-0.29106187929717336,0.2760886172650878,-0.4087089381207028
MCF7,"Tozasertib (VX-680, MK-0457)",Tozasertib,30,1.40775683020696,0.933808,0.01846496106785317,0.0353726362625139,0.4206896551724138,0.35706340378198,0.0020022246941045607,0.038042269187986644,0.260511679644049,0.2520578420467186,-0.06696329254727475,-0.03314794215795328,0.16929922135706338,0.2413793103448276,0.08876529477196884,0.16929922135706338
MCF7,Trametinib (GSK1120212),Trametinib,34,2.5599135090641947,0.979691,0.04751718869365927,0.11504965622612681,0.04660045836516424,0.17769289533995414,0.05943468296409473,0.13949579831932774,-0.2427807486631016,-0.2372803666921314,-0.2293353705118411,-0.1489686783804431,0.2922841864018334,0.35095492742551565,0.1281894576012223,0.2922841864018334
MCF7,UNC0379,UNC0379,33,3.202973191577904,0.934314,0.2650401069518717,0.22760695187165775,0.12065508021390375,0.37065508021390375,0.30848930481283426,0.35294117647058826,-0.25935828877005346,0.080548128342246,-0.38368983957219255,-0.014371657754010697,0.17179144385026737,0.08856951871657755,0.2560160427807487,0.17179144385026737
MCF7,Veliparib (ABT-888),Veliparib,34,1.0987084670511718,0.973617,0.37448433919022156,0.39251336898395717,-0.09579831932773109,-0.2950343773873186,0.3485103132161956,0.39770817417876236,-0.36806722689075627,-0.42062643239113817,0.360733384262796,0.41787624140565316,0.43712757830404886,0.5587471352177235,0.13552330022918258,0.43712757830404886
MCF7,XAV-939,XAV939,34,1.353452991005488,0.972697,0.1929717341482047,0.307563025210084,-0.4157372039724981,-0.23116883116883116,0.226890756302521,0.3283422459893048,-0.3903743315508021,-0.43590527119938877,0.1764705882352941,0.280061115355233,0.46768525592055005,0.5966386554621849,0.004736440030557678,0.46768525592055005
MCF7,ZM 447439,ZM447439,34,1.4248537107145867,0.931153,-0.018792971734148203,0.044766997708174175,0.38762414056531697,0.2901451489686784,0.028265851795263558,0.07715813598166539,0.3842627960275019,0.2974789915966386,-0.16271963330786857,-0.09977081741787625,0.13766233766233765,0.147135217723453,0.08326967150496561,0.13766233766233765
