separation_scale,cells_per_source,seed,n_total,ari_kmeans_k2,acc_kmeans_k2,k_kmeans_k2,ari_gmm_k2,acc_gmm_k2,k_gmm_k2,ari_leiden,acc_leiden,k_leiden,ari_hdbscan,acc_hdbscan,k_hdbscan,probe_linear_acc,probe_linear_auc,probe_linear_ari,probe_forest_acc,probe_forest_auc,probe_forest_ari,probe_knn_acc,probe_knn_auc,probe_knn_ari,probe_acc,probe_auc,probe_ari
1.0,50,0,100,0.022626262626262626,0.59,2,0.02253052028359068,0.59,2,0.03538211702180011,0.62,4,0.0,0.5,0,0.61,0.6916,0.03869371961747095,0.62,0.6354,0.0482322985016159,0.53,0.7046,-0.002634564016246478,0.62,0.7046,0.0482322985016159
1.0,50,1,100,0.1855841739300754,0.72,2,0.1681622859101649,0.71,2,0.09893410813003799,0.69,4,0.0,0.5,0,0.67,0.7472000000000001,0.10657915681976808,0.72,0.7598,0.18644731049550797,0.56,0.6390000000000001,0.005657823938954199,0.72,0.7598,0.18644731049550797
1.0,50,2,100,0.030346561321601725,0.6,2,0.030219914776901603,0.6,2,0.022562436481925154,0.59,2,0.0,0.5,0,0.69,0.7716,0.1358422193112398,0.6,0.7172000000000001,0.03045734991675644,0.5,0.7004,-0.0015539260913902783,0.69,0.7716,0.1358422193112398
1.0,50,3,100,0.05855067497276855,0.63,2,0.05855067497276855,0.63,2,0.0908051488215985,0.67,4,0.0,0.5,0,0.62,0.7296,0.04804584190420218,0.61,0.6528,0.03869371961747095,0.56,0.6576,0.00708249890099155,0.62,0.7296,0.04804584190420218
1.0,50,4,100,0.06954279933426884,0.64,2,0.06954279933426884,0.64,2,0.03404154263791247,0.62,3,0.0,0.5,0,0.62,0.6876,0.04799921633932507,0.64,0.6928,0.07051344743276283,0.59,0.6166,0.02300904451271005,0.64,0.6928,0.07051344743276283
1.0,50,5,100,0.12142123036264865,0.68,2,0.08074805415311274,0.65,2,0.0985794813979707,0.69,4,0.0,0.5,0,0.64,0.6904,0.06901111818582553,0.6,0.6696000000000001,0.031216361679224973,0.52,0.595,-0.0032806054503524214,0.64,0.6904,0.06901111818582553
1.0,50,6,100,0.1359550515951869,0.69,2,0.047983673469387755,0.62,2,0.1617314684398441,0.74,3,0.0,0.5,0,0.76,0.802,0.2631475859367349,0.64,0.73,0.06974012626633387,0.54,0.5776,-0.0036732295033793712,0.76,0.802,0.2631475859367349
1.0,50,7,100,0.08080808080808081,0.65,2,0.048123541030705694,0.62,2,0.1523007686291211,0.73,3,0.0,0.5,0,0.8,0.8632,0.3534799431846011,0.68,0.7682000000000001,0.12094799725785917,0.63,0.7271999999999998,0.06277185501066099,0.8,0.8632,0.3534799431846011
1.0,50,8,100,0.1679993142885131,0.71,2,0.15210688591983557,0.7,2,0.10307935011985495,0.67,4,0.0,0.5,0,0.71,0.8324,0.1681622859101649,0.68,0.7770000000000001,0.12073272273105745,0.63,0.6588,0.05827405947381952,0.71,0.8324,0.1681622859101649
1.0,50,9,100,0.09330002938583602,0.66,2,0.0492410037338377,0.62,2,0.045167177481064406,0.64,4,0.003290759807115861,0.56,2,0.65,0.6859999999999999,0.0810181123791726,0.62,0.6656,0.0492410037338377,0.59,0.6347999999999998,0.02463252813313295,0.65,0.6859999999999999,0.0810181123791726
1.0,100,0,200,0.1181968894439145,0.675,2,0.10472911741081188,0.665,2,0.07618905855006777,0.675,4,0.0,0.5,0,0.67,0.7146,0.11114051603623405,0.635,0.6848000000000001,0.06856061581367265,0.605,0.6588999999999999,0.03931152311445845,0.67,0.7146,0.11114051603623405
1.0,100,1,200,0.17230060036037784,0.71,2,0.13257639460203902,0.685,2,0.10478007753119914,0.73,5,0.0,0.5,0,0.7,0.7812,0.155866716222549,0.705,0.7585500000000001,0.16420620892610752,0.64,0.70405,0.0737622952309958,0.705,0.7812,0.16420620892610752
1.0,100,2,200,0.039284352470297094,0.605,2,0.052934153992837074,0.62,2,0.06981228306799656,0.675,5,0.0,0.5,0,0.64,0.7115,0.0738651972270252,0.625,0.6943,0.057803695909409765,0.545,0.6737,0.004297818655256933,0.64,0.7115,0.0738651972270252
1.0,100,3,200,0.06298366424333753,0.63,2,0.06295905752308922,0.63,2,0.06880871656727956,0.665,4,-0.0016166062958953922,0.52,2,0.64,0.7078,0.0737622952309958,0.61,0.6808,0.04362485253001923,0.61,0.6527499999999999,0.04402847190670907,0.64,0.7078,0.0737622952309958
1.0,100,4,200,0.07967922296094658,0.645,2,0.14052328492739108,0.69,2,0.08611729318739414,0.69,5,0.0,0.5,0,0.665,0.717,0.10442165825189174,0.62,0.68305,0.052934153992837074,0.665,0.7059,0.10443613165320005,0.665,0.717,0.10443613165320005
1.0,100,5,200,0.09159036240714583,0.655,2,0.11139183752605303,0.67,2,0.0539383089011732,0.65,5,0.0,0.5,0,0.665,0.7043,0.10443613165320005,0.635,0.6809499999999999,0.06846655615747106,0.615,0.6476,0.04852080505199559,0.665,0.7043,0.10443613165320005
1.0,100,6,200,0.09163807143127675,0.655,2,-0.00018503285338760964,0.51,2,0.05928166382223194,0.66,4,0.0,0.5,0,0.68,0.7560999999999999,0.12521110940517652,0.645,0.72745,0.07949702254843188,0.645,0.6858,0.07957883573836307,0.68,0.7560999999999999,0.12521110940517652
1.0,100,7,200,0.04360166786531018,0.61,2,0.027530812571084567,0.59,2,0.09127633711507294,0.695,5,0.004379994797243749,0.55,2,0.715,0.7174,0.18096575459708217,0.68,0.72905,0.1253171307144127,0.525,0.6224500000000001,-0.0010085601543097036,0.715,0.72905,0.18096575459708217
1.0,100,8,200,0.19854062961292698,0.725,2,0.0006031942149653491,0.515,2,0.1160041855301545,0.715,4,0.0,0.5,0,0.745,0.8198000000000001,0.23629336375633117,0.74,0.79435,0.22656938081270858,0.545,0.6389,0.003356678947897254,0.745,0.8198000000000001,0.23629336375633117
1.0,100,9,200,0.031271447986218746,0.595,2,0.024019607595569606,0.585,2,0.02665917529060718,0.615,4,0.0006352410563352943,0.535,2,0.66,0.6974,0.09787395657408829,0.63,0.6538999999999999,0.06331667423898228,0.61,0.65215,0.04402847190670907,0.66,0.6974,0.09787395657408829
1.0,200,0,400,0.16198188453063733,0.7025,2,0.17447086876701345,0.71,2,0.07691790826171994,0.7,6,0.0,0.5,0,0.715,0.7956,0.18289820299103693,0.69,0.7617375,0.14234528284680015,0.6525,0.73255,0.09088327821915802,0.715,0.7956,0.18289820299103693
1.0,200,1,400,0.08473391005266379,0.6475,2,0.15004669174479401,0.695,2,0.07391817762790749,0.6775,5,0.0,0.5,0,0.7375,0.80045,0.2237008384378297,0.725,0.776525,0.200576575218571,0.6,0.6926625000000001,0.03779126069089421,0.7375,0.80045,0.2237008384378297
1.0,200,2,400,0.03560949181926536,0.5975,2,0.07344219003151597,0.6375,2,0.08130307642867346,0.6825,5,0.0,0.5,0,0.675,0.71565,0.12035909955282141,0.66,0.6955250000000001,0.1003348287459861,0.605,0.6702374999999999,0.041698481985306034,0.675,0.71565,0.12035909955282141
1.0,200,3,400,0.06526574131490268,0.63,2,0.14618402674212022,0.6925,2,0.07752415280214786,0.6825,6,0.0,0.5,0,0.725,0.772675,0.20054765321627555,0.725,0.7433875000000001,0.2006426461082882,0.65,0.7222125,0.08772823753587881,0.725,0.772675,0.2006426461082882
1.0,200,4,400,0.07069412130900189,0.635,2,0.12059771400239465,0.675,2,0.06464653124828554,0.665,6,0.0,0.5,0,0.68,0.7583249999999999,0.1274691879115313,0.695,0.7376874999999999,0.15008256440287207,0.5975,0.67685,0.03573063099699944,0.695,0.7583249999999999,0.15008256440287207
1.0,200,5,400,0.06529697608317636,0.63,2,0.09398278081411297,0.655,2,0.06412247853491057,0.6625,5,0.0,0.5,0,0.6425,0.7087999999999999,0.07892352074459735,0.615,0.6600999999999999,0.05066943005181347,0.5875,0.656025,0.028189445465487094,0.6425,0.7087999999999999,0.07892352074459735
1.0,200,6,400,0.06015958537350153,0.625,2,0.09712105445716268,0.6575,2,0.06396029852601584,0.665,6,0.0,0.5,0,0.695,0.7582249999999999,0.15000569071313302,0.6775,0.7128125,0.12396120409227226,0.6225,0.6835625,0.05768035994823963,0.695,0.7582249999999999,0.15000569071313302
1.0,200,7,400,0.03561288413042622,0.5975,2,0.07617726861621947,0.64,2,0.08381413117279699,0.68,5,0.009284433026137122,0.555,2,0.6725,0.751825,0.11686480483181888,0.665,0.7382875,0.10667923592509801,0.5675,0.703,0.016754382447581845,0.6725,0.751825,0.11686480483181888
1.0,200,8,400,0.10340761918149831,0.6625,2,0.13858529303314635,0.6875,2,0.07355264061534235,0.665,5,0.0,0.5,0,0.7225,0.763425,0.19607184748660986,0.68,0.7391875,0.12757286416633737,0.6675,0.7150875,0.11017600742160095,0.7225,0.763425,0.19607184748660986
1.0,200,9,400,0.021586629585951204,0.5775,2,0.057883455757608414,0.6225,2,0.03843952761826531,0.63,6,0.002345008422902765,0.535,2,0.67,0.72835,0.11338590907217924,0.6275,0.6623374999999999,0.06284117331307561,0.595,0.6379374999999999,0.03379563892230191,0.67,0.72835,0.11338590907217924
1.0,400,0,800,0.13957569155676208,0.6875,2,0.206123841265246,0.7275,2,0.08709360646629388,0.69875,6,0.0,0.5,0,0.73125,0.7896562500000001,0.21295964065540937,0.705,0.7736406250000001,0.1671514490846897,0.6425,0.7293875,0.08011526671537791,0.73125,0.7896562500000001,0.21295964065540937
1.0,400,1,800,0.09189253657502297,0.6525,2,0.1818743907162571,0.71375,2,0.10517416611748012,0.6975,5,0.0,0.5,0,0.72875,0.7819750000000001,0.20833847722843227,0.72375,0.7754875000000001,0.19931306910505006,0.62625,0.732490625,0.06272484408903005,0.72875,0.7819750000000001,0.20833847722843227
1.0,400,2,800,0.0517181785597689,0.615,2,0.11809784379071865,0.6725,2,0.0826427962799399,0.68625,6,0.0,0.5,0,0.6925,0.745,0.14719619200184053,0.6725,0.71186875,0.11798736567465587,0.6475,0.6977937500000001,0.0859160010306622,0.6925,0.745,0.14719619200184053
1.0,400,3,800,0.0651383237392265,0.62875,2,0.17973893325819168,0.7125,2,0.11661395238302201,0.715,6,0.0,0.5,0,0.69875,0.75286875,0.15698440352147439,0.70375,0.7446249999999999,0.16508607400954467,0.645,0.717475,0.08297811151941205,0.70375,0.75286875,0.16508607400954467
1.0,400,4,800,0.06263857995448249,0.62625,2,0.13413951750495787,0.68375,2,0.06388188122655099,0.665,6,0.0,0.5,0,0.69125,0.7499625,0.14526136812695176,0.68375,0.743478125,0.1340589614749446,0.6075,0.684065625,0.045047025467209616,0.69125,0.7499625,0.14526136812695176
1.0,400,5,800,0.0690997933077369,0.6325,2,0.12341455929731152,0.67625,2,0.06715154404506221,0.67,7,0.0,0.5,0,0.6975,0.75525625,0.1549866859243722,0.675,0.7345406250000001,0.1214776870042984,0.5975,0.68784375,0.03687793246625142,0.6975,0.75525625,0.1549866859243722
1.0,400,6,800,0.06906829696936641,0.6325,2,0.11301349780801358,0.66875,2,0.07709805965585649,0.68125,7,0.0,0.5,0,0.7025,0.7514062499999999,0.16300772440697323,0.7,0.730596875,0.15905867722709008,0.66875,0.71163125,0.11281537516926025,0.7025,0.7514062499999999,0.16300772440697323
1.0,400,7,800,0.03489721498654973,0.595,2,0.09824266008928875,0.6575,2,0.06724369828614403,0.66875,6,0.0,0.5,0,0.67125,0.7250875000000001,0.11623500986305828,0.6575,0.7095750000000001,0.09813488888900723,0.59875,0.6673093750000001,0.03786439884800391,0.67125,0.7250875000000001,0.11623500986305828
1.0,400,8,800,0.0625839005901318,0.62625,2,0.11805256740997998,0.6725,2,0.06533995353443121,0.66125,7,0.0,0.5,0,0.7025,0.7584687499999999,0.16300953362535428,0.71,0.7569625000000001,0.17546403816773112,0.65,0.7039625,0.08895566269269116,0.71,0.7584687499999999,0.17546403816773112
1.0,400,9,800,0.0483466457974742,0.61125,2,0.1268905300013458,0.67875,2,0.0724698484252103,0.67375,6,0.0,0.5,0,0.6675,0.72350625,0.11115705353115132,0.65125,0.71170625,0.09045555683806546,0.59,0.663678125,0.031195238534427794,0.6675,0.72350625,0.11115705353115132
1.5,50,0,100,0.1071913659557285,0.67,2,0.13694107865553204,0.69,2,0.07224897047675634,0.67,4,0.0,0.5,0,0.78,0.8799999999999999,0.30677700519048084,0.75,0.7994,0.2423747699064116,0.58,0.8124,0.019754170324846356,0.78,0.8799999999999999,0.30677700519048084
1.5,50,1,100,0.22274997551659975,0.74,2,-0.0007766707522784365,0.51,2,0.1815635709986365,0.75,3,0.0,0.5,0,0.79,0.8672,0.32976261890479047,0.81,0.8512000000000001,0.3781818181818182,0.64,0.7384000000000001,0.06996770721205597,0.81,0.8672,0.3781818181818182
1.5,50,2,100,0.15192703064321378,0.7,2,0.0581203139476509,0.63,2,0.1360916942052309,0.72,4,0.0,0.5,0,0.82,0.9012,0.4037312701988052,0.67,0.7692,0.10657915681976808,0.51,0.8091999999999999,-0.0007766707522784365,0.82,0.9012,0.4037312701988052
1.5,50,3,100,0.20449347504372392,0.73,2,-0.0007766707522784365,0.51,2,0.1401537042729788,0.7,4,0.0,0.5,0,0.76,0.8548,0.2631475859367349,0.65,0.738,0.08071803788555965,0.63,0.7716,0.0604824427480916,0.76,0.8548,0.2631475859367349
1.5,50,4,100,0.09396564381148143,0.66,2,0.12107711138310893,0.68,2,0.048252237651478874,0.64,3,0.0,0.5,0,0.74,0.8216000000000001,0.22266115999281738,0.72,0.7777999999999999,0.18644731049550797,0.67,0.7118,0.10739524926088287,0.74,0.8216000000000001,0.22266115999281738
1.5,50,5,100,0.18570379436964504,0.72,2,0.16875930268121114,0.71,2,0.14373418526158654,0.75,4,0.0,0.5,0,0.71,0.8151999999999999,0.1679993142885131,0.66,0.7358,0.093255620316403,0.54,0.6602,0.0004389815627743635,0.71,0.8151999999999999,0.1679993142885131
1.5,50,6,100,0.263724434876211,0.76,2,0.2856572455294755,0.77,2,0.14133129027896704,0.73,4,0.0,0.5,0,0.83,0.9184,0.42995482536145835,0.73,0.824,0.2041041077787159,0.6,0.6714,0.030219914776901603,0.83,0.9184,0.42995482536145835
1.5,50,7,100,0.1514424254297889,0.7,2,0.26338804947296285,0.76,2,0.17680028495044073,0.75,3,0.0,0.5,0,0.88,0.95,0.5734012339633728,0.81,0.8992,0.3782427188031781,0.69,0.8565999999999999,0.13862618521727457,0.88,0.95,0.5734012339633728
1.5,50,8,100,0.3535643742144011,0.8,2,0.3296969696969697,0.79,2,0.2908791573325907,0.81,3,0.0,0.5,0,0.83,0.9324,0.4298989898989899,0.77,0.8758,0.28437434949245105,0.71,0.7447999999999999,0.1681622859101649,0.83,0.9324,0.4298989898989899
1.5,50,9,100,0.10660832867364056,0.67,2,0.10739524926088287,0.67,2,0.05306003839117249,0.64,3,0.0016474263041785092,0.56,2,0.76,0.836,0.26296713523044524,0.72,0.8062,0.18570379436964504,0.61,0.6774,0.040417045236940854,0.76,0.836,0.26296713523044524
1.5,100,0,200,0.20802776745763807,0.73,2,0.1988610578401089,0.725,2,0.12414694667793355,0.72,4,0.0,0.5,0,0.795,0.8727,0.3448158482847439,0.725,0.7957499999999998,0.19861833271812562,0.705,0.76825,0.16399348558875884,0.795,0.8727,0.3448158482847439
1.5,100,1,200,0.2170794262857593,0.735,2,0.2170794262857593,0.735,2,0.13094625994832015,0.745,5,0.0,0.5,0,0.825,0.9222,0.4196680383519779,0.75,0.8462,0.246469387219313,0.675,0.7800499999999999,0.1180721905809519,0.825,0.9222,0.4196680383519779
1.5,100,2,200,0.16405089779085733,0.705,2,0.12538073116542112,0.68,2,0.10198383184388571,0.695,5,0.0,0.5,0,0.79,0.8659,0.3330700421804548,0.72,0.78055,0.18958621191186095,0.62,0.75105,0.053851540474926796,0.79,0.8659,0.3330700421804548
1.5,100,3,200,0.12538073116542112,0.68,2,0.11122131344573971,0.67,2,0.08805346200739848,0.69,5,-0.0007698931470944343,0.525,2,0.8,0.8924000000000001,0.35681445389830235,0.715,0.80505,0.18083339351484076,0.69,0.7607000000000002,0.14021947923673095,0.8,0.8924000000000001,0.35681445389830235
1.5,100,4,200,0.14041914716597065,0.69,2,0.181289858547111,0.715,2,0.0990013694781048,0.695,4,0.0,0.5,0,0.8,0.8815,0.35683134396797084,0.715,0.78945,0.1809028884167917,0.74,0.7914999999999999,0.2265131313131313,0.8,0.8815,0.35683134396797084
1.5,100,5,200,0.19861833271812562,0.725,2,0.21729760238201853,0.735,2,0.08565154104298835,0.7,5,0.0,0.5,0,0.8,0.8676,0.3568001616079996,0.745,0.8050999999999999,0.23640134298746543,0.67,0.73,0.1115371800696653,0.8,0.8676,0.3568001616079996
1.5,100,6,200,0.19865070456529632,0.725,2,-0.0007644794674394616,0.505,2,0.13707610721955896,0.73,4,0.0,0.5,0,0.78,0.8908,0.3101458761355854,0.765,0.84275,0.27726854683406726,0.69,0.7808,0.14012221604969446,0.78,0.8908,0.3101458761355854
1.5,100,7,200,0.15584113895796173,0.7,2,0.14794204280284343,0.695,2,0.13689718081993735,0.73,4,0.005724104228120935,0.555,2,0.81,0.8857999999999999,0.3814158755806908,0.78,0.84075,0.31027267218743687,0.615,0.73075,0.04908918908691868,0.81,0.8857999999999999,0.3814158755806908
1.5,100,8,200,0.29913337483924035,0.775,2,0.2774291180600684,0.765,2,0.14765129889425543,0.73,4,0.0,0.5,0,0.845,0.9235,0.47347558003940243,0.79,0.8631,0.333242450681014,0.61,0.7241000000000001,0.04378711371440113,0.845,0.9235,0.47347558003940243
1.5,100,9,200,0.11171475640187029,0.67,2,0.14817948538019962,0.695,2,0.0700958100856822,0.655,3,-0.0006156180588686029,0.525,2,0.79,0.8791999999999999,0.3330700421804548,0.725,0.8118000000000001,0.19865070456529632,0.675,0.75375,0.11861348408181807,0.79,0.8791999999999999,0.3330700421804548
1.5,200,0,400,0.2687321962370318,0.76,2,0.200728381404798,0.725,2,0.07979020478777468,0.695,6,0.0,0.5,0,0.8725,0.9409749999999999,0.5539170876841297,0.8025,0.8928375000000001,0.36448099942058476,0.7375,0.8257,0.22374608615628466,0.8725,0.9409749999999999,0.5539170876841297
1.5,200,1,400,0.22859735381628649,0.74,2,0.23843868931121925,0.745,2,0.09959306159610264,0.725,5,0.0,0.5,0,0.87,0.936225,0.5464771045905388,0.79,0.8717749999999999,0.33479951763641846,0.6375,0.7760875,0.07349153429680086,0.87,0.936225,0.5464771045905388
1.5,200,2,400,0.14236424354652358,0.69,2,0.13885658047776683,0.6875,2,0.09439007073641753,0.69,5,0.0,0.5,0,0.8225,0.903675,0.41456394087273823,0.7425,0.82115,0.23340982397605758,0.7175,0.7793249999999999,0.18719405461805222,0.8225,0.903675,0.41456394087273823
1.5,200,3,400,0.15392789684657604,0.6975,2,0.20068923056518262,0.725,2,0.13267723093770947,0.73,6,0.0,0.5,0,0.8375,0.9211499999999999,0.45427234082271967,0.7775,0.8646624999999999,0.3063745974522713,0.7125,0.8009124999999999,0.17857044822824708,0.8375,0.9211499999999999,0.45427234082271967
1.5,200,4,400,0.11696730143531836,0.6725,2,0.1387540565096018,0.6875,2,0.08327629919571801,0.685,5,0.0,0.5,0,0.82,0.9169249999999999,0.40812610048481635,0.78,0.8512875000000001,0.3119445281881218,0.6675,0.7639875,0.11007943273761345,0.82,0.9169249999999999,0.40812610048481635
1.5,200,5,400,0.16619834710743803,0.705,2,0.1581790082757966,0.7,2,0.07136112397340107,0.665,5,0.0,0.5,0,0.83,0.89125,0.43418702745402304,0.7425,0.81705,0.23340096501544244,0.68,0.7697625,0.12741306532663316,0.83,0.89125,0.43418702745402304
1.5,200,6,400,0.17449326564817383,0.71,2,0.16212039886908342,0.7025,2,0.10864800116595166,0.705,5,0.0,0.5,0,0.8475,0.9162249999999998,0.48174042415031093,0.7725,0.8687874999999999,0.2952747114214307,0.745,0.786625,0.23825271510560447,0.8475,0.9162249999999998,0.48174042415031093
1.5,200,7,400,0.13853984541153466,0.6875,2,0.16213344801161067,0.7025,2,0.1630099566692645,0.735,4,0.013599230617237409,0.5625,2,0.83,0.92405,0.43419100798379123,0.79,0.85265,0.33476091090604443,0.6375,0.810825,0.07396841304265545,0.83,0.92405,0.43419100798379123
1.5,200,8,400,0.20056131108924802,0.725,2,0.17449326564817383,0.71,2,0.1300116854811152,0.7275,5,0.0,0.5,0,0.8425,0.9212999999999999,0.46790907513186275,0.78,0.8714375000000001,0.3120309477756286,0.745,0.8079000000000001,0.2383407389097223,0.8425,0.9212999999999999,0.46790907513186275
1.5,200,9,400,0.10021797220527776,0.66,2,0.08200633022683312,0.645,2,0.06342700623189379,0.66,6,0.002381068920725164,0.535,2,0.84,0.9002249999999999,0.4610504649612601,0.7425,0.8213375,0.23342869673114336,0.66,0.7334999999999999,0.10022633625442516,0.84,0.9002249999999999,0.4610504649612601
1.5,400,0,800,0.25668292802805764,0.75375,2,0.27745494504720014,0.76375,2,0.10302337468178711,0.71875,7,0.0,0.5,0,0.87875,0.95206875,0.5732746090445646,0.80375,0.907196875,0.36831024436125187,0.7175,0.812103125,0.1882350328109775,0.87875,0.95206875,0.5732746090445646
1.5,400,1,800,0.2060617661132992,0.7275,2,0.20164509078808296,0.725,2,0.11979922726610898,0.7325,6,0.0,0.5,0,0.86625,0.9332562499999999,0.5359804686931262,0.80625,0.8801531250000001,0.374397937499977,0.68625,0.806925,0.13776630670891113,0.86625,0.9332562499999999,0.5359804686931262
1.5,400,2,800,0.14912487673477742,0.69375,2,0.13051228413731794,0.68125,2,0.1313073821635428,0.7225,5,0.0,0.5,0,0.855,0.9300624999999999,0.503482071319986,0.805,0.8755124999999999,0.3713415972034348,0.72375,0.79220625,0.1992952100887109,0.855,0.9300624999999999,0.503482071319986
1.5,400,3,800,0.19928567826516186,0.72375,2,0.2016339126841888,0.725,2,0.14056777504222467,0.73375,6,0.0,0.5,0,0.82625,0.92309375,0.425044972523855,0.795,0.874871875,0.347314183431297,0.70875,0.794765625,0.1732911324743442,0.82625,0.92309375,0.425044972523855
1.5,400,4,800,0.1358782219613937,0.685,2,0.15513257573918582,0.6975,2,0.08375430196234394,0.6875,6,0.0,0.5,0,0.8325,0.91949375,0.44152899065164725,0.7925,0.8832843749999999,0.34143051298055316,0.7,0.7858468750000001,0.1589532968517609,0.8325,0.91949375,0.44152899065164725
1.5,400,5,800,0.16712538555363957,0.705,2,0.14933433688953582,0.69375,2,0.08827668878137035,0.68375,6,0.0,0.5,0,0.845,0.9128625,0.47544670465056044,0.77375,0.854025,0.2989096384185769,0.67125,0.7686968750000001,0.11622936192783408,0.845,0.9128625,0.47544670465056044
1.5,400,6,800,0.18828042356798863,0.7175,2,0.13236887937985367,0.6825,2,0.10152458526698525,0.70875,7,0.0,0.5,0,0.835,0.9230625,0.4482185429946979,0.78625,0.8663937500000001,0.3269614126977632,0.72625,0.8059375,0.2037814116299038,0.835,0.9230625,0.4482185429946979
1.5,400,7,800,0.12494832502920677,0.6775,2,0.1397120611472425,0.6875,2,0.10123392158185263,0.7025,6,0.0,0.5,0,0.8275,0.9126687499999999,0.4283130028399575,0.77375,0.84786875,0.2989113076038316,0.68875,0.7721687500000001,0.14147801815423666,0.8275,0.9126687499999999,0.4283130028399575
1.5,400,8,800,0.1733006113217088,0.70875,2,0.14728851147536876,0.6925,2,0.1250866611202191,0.7275,7,0.0,0.5,0,0.8425,0.9233875,0.4685652626834239,0.78375,0.87606875,0.32125267454274653,0.73875,0.8041843750000001,0.2271081441013329,0.8425,0.9233875,0.4685652626834239
1.5,400,9,800,0.13041101819840134,0.68125,2,0.15513678335170894,0.6975,2,0.09513072013565445,0.69875,7,0.0,0.5,0,0.82875,0.9144812499999999,0.43159970228637384,0.77125,0.866625,0.2934718625974315,0.67625,0.75839375,0.12316081145461694,0.82875,0.9144812499999999,0.43159970228637384
2.0,50,0,100,0.2635442666275143,0.76,2,0.3071501982087799,0.78,2,0.15633169550257947,0.73,3,0.0,0.5,0,0.88,0.9803999999999999,0.5733524869815048,0.87,0.954,0.5430303030303031,0.66,0.8623999999999999,0.09655957706384709,0.88,0.9803999999999999,0.5733524869815048
2.0,50,1,100,0.37868895911917627,0.81,2,0.37868895911917627,0.81,2,0.2835014409221902,0.78,3,0.0,0.5,0,0.87,0.9552,0.5430750584576962,0.81,0.9026000000000001,0.37814121113918264,0.72,0.8004,0.18570379436964504,0.87,0.9552,0.5430750584576962
2.0,50,2,100,0.3077261613691932,0.78,2,0.24304210419002956,0.75,2,0.23101837255295365,0.77,3,0.0,0.5,0,0.88,0.974,0.5733524869815048,0.8,0.9044,0.35346938775510206,0.53,0.8848,0.001684040076915292,0.88,0.974,0.5733524869815048
2.0,50,3,100,0.3068788249694002,0.78,2,0.24346167483829947,0.75,2,0.19211635077202766,0.73,3,0.0,0.5,0,0.89,0.9472,0.6044444444444445,0.76,0.8500000000000001,0.26296713523044524,0.68,0.8512,0.12245197242997508,0.89,0.9472,0.6044444444444445
2.0,50,4,100,0.15177478580171358,0.7,2,0.1359550515951869,0.69,2,0.15022328829363538,0.73,3,0.0,0.5,0,0.87,0.9463999999999999,0.5430303030303031,0.81,0.8852,0.37842534911329506,0.73,0.8119999999999999,0.20428585992455908,0.87,0.9463999999999999,0.5430303030303031
2.0,50,5,100,0.26325581395348835,0.76,2,0.2631475859367349,0.76,2,0.15223673800671453,0.73,4,0.0,0.5,0,0.82,0.9180000000000001,0.4035755102040816,0.8,0.8400000000000001,0.3535116074052307,0.64,0.7672,0.0719656283566058,0.82,0.9180000000000001,0.4035755102040816
2.0,50,6,100,0.3306148898969274,0.79,2,0.3306148898969274,0.79,2,0.2447080792651714,0.79,3,0.0,0.5,0,0.91,0.9796,0.6690909090909091,0.81,0.9096,0.3781818181818182,0.62,0.7276,0.047983673469387755,0.91,0.9796,0.6690909090909091
2.0,50,7,100,0.4300292556338517,0.83,2,0.33083307189915295,0.79,2,0.24468952073615713,0.79,3,0.0,0.5,0,0.92,0.9904,0.7026153394064061,0.85,0.9578000000000001,0.48505024049347056,0.77,0.9087999999999999,0.2856572455294755,0.92,0.9904,0.7026153394064061
2.0,50,8,100,0.4847980212325664,0.85,2,0.403925855823516,0.82,2,0.34155690977000197,0.84,3,0.0,0.5,0,0.91,0.9847999999999999,0.6690909090909091,0.83,0.9284,0.42984314349737346,0.72,0.8068,0.1855841739300754,0.91,0.9847999999999999,0.6690909090909091
2.0,50,9,100,0.24235003122436236,0.75,2,0.13722238745767823,0.69,2,0.14993796602257792,0.73,3,0.009903090025124808,0.58,2,0.85,0.9384,0.4848148435363599,0.88,0.911,0.5732967625018367,0.67,0.7673999999999999,0.1076281447598547,0.88,0.9384,0.5732967625018367
2.0,100,0,200,0.2569339411492485,0.755,2,0.24660175747492205,0.75,2,0.15142267723762004,0.745,5,0.0,0.5,0,0.89,0.9715,0.6064349435169772,0.815,0.91,0.39385434653820883,0.745,0.8469,0.2363087912304349,0.89,0.9715,0.6064349435169772
2.0,100,1,200,0.3570222699698705,0.8,2,0.3333124661750095,0.79,2,0.13428822680780017,0.74,5,-0.0007021653629695542,0.53,2,0.925,0.9865000000000002,0.7211098939891852,0.87,0.9328500000000001,0.5453381142366547,0.75,0.8369999999999999,0.24621212121212122,0.925,0.9865000000000002,0.7211098939891852
2.0,100,2,200,0.2674314407730623,0.76,2,0.23690997693372445,0.745,2,0.18797701957788274,0.745,4,0.0,0.5,0,0.915,0.969,0.6873365255102273,0.815,0.9043000000000001,0.39386904061465144,0.695,0.8354,0.14868833642360718,0.915,0.969,0.6873365255102273
2.0,100,3,200,0.20793180881913423,0.73,2,0.20781182781582683,0.73,2,0.13077381485818904,0.715,4,0.0,0.5,0,0.93,0.9902,0.7382933076910645,0.875,0.9380000000000001,0.5603083914243913,0.74,0.8332,0.2266396811834831,0.93,0.9902,0.7382933076910645
2.0,100,4,200,0.23697466355913088,0.745,2,0.22713766653209527,0.74,2,0.2082916013589736,0.79,4,0.0,0.5,0,0.92,0.9752,0.7041280743396798,0.81,0.9047,0.3813708934602395,0.775,0.8580500000000001,0.2989776267789764,0.92,0.9752,0.7041280743396798
2.0,100,5,200,0.24639633544123557,0.75,2,0.28834570144883637,0.77,2,0.15898271148043136,0.75,4,0.0,0.5,0,0.89,0.9655,0.6064293780517122,0.825,0.8945,0.41964928227852893,0.725,0.8179,0.1987672215633739,0.89,0.9655,0.6064293780517122
2.0,100,6,200,0.2883040250729004,0.77,2,0.246469387219313,0.75,2,0.21007713587063576,0.785,5,0.0,0.5,0,0.91,0.9740000000000001,0.6707481151667462,0.86,0.94225,0.5159764771953641,0.75,0.8435999999999999,0.24625018938437454,0.91,0.9740000000000001,0.6707481151667462
2.0,100,7,200,0.2564265979317927,0.755,2,0.28819621870209505,0.77,2,0.19999463780659985,0.76,3,0.005595598962575146,0.555,2,0.92,0.9848,0.704151382447522,0.815,0.931,0.39390577268909877,0.665,0.8109999999999999,0.10515920574502152,0.92,0.9848,0.704151382447522
2.0,100,8,200,0.3939890155778435,0.815,2,0.3690693133499054,0.805,2,0.2694471466490218,0.795,3,0.0,0.5,0,0.92,0.9786999999999999,0.7041185109765681,0.84,0.93575,0.4597546983824314,0.695,0.79945,0.14791450466487394,0.92,0.9786999999999999,0.7041185109765681
2.0,100,9,200,0.21713951589570202,0.735,2,0.1987672215633739,0.725,2,0.1321076896518731,0.725,4,0.004260241692604307,0.545,2,0.905,0.9757,0.6543772704247958,0.835,0.9153,0.4461974994558875,0.75,0.84655,0.24676145275869518,0.905,0.9757,0.6543772704247958
2.0,200,0,400,0.3407263917773993,0.7925,2,0.24836033291671858,0.75,2,0.11177739662580903,0.7425,6,0.0,0.5,0,0.9575,0.9918,0.8368165198486512,0.8775,0.9610749999999999,0.5689459875406162,0.7875,0.8978375,0.32898905344979856,0.9575,0.9918,0.8368165198486512
2.0,200,1,400,0.3290999635072732,0.7875,2,0.2847120045464589,0.7675,2,0.14361400692680917,0.78,5,0.0,0.5,0,0.95,0.98755,0.809523043792112,0.8725,0.9456125,0.5539193292447112,0.725,0.8412,0.20056874238291453,0.95,0.98755,0.809523043792112
2.0,200,2,400,0.2337020548545069,0.7425,2,0.1918086103634221,0.72,2,0.11720499759776844,0.6975,6,0.0,0.5,0,0.94,0.98325,0.7738345864661654,0.845,0.9444125000000001,0.4747968644003919,0.785,0.86,0.32320802005012533,0.94,0.98325,0.7738345864661654
2.0,200,3,400,0.34659077206901956,0.795,2,0.24335435866196045,0.7475,2,0.1763894584658733,0.77,5,0.0,0.5,0,0.9475,0.9875,0.8005271803333244,0.88,0.9607749999999999,0.5765540141261221,0.795,0.8794,0.3464646875791454,0.9475,0.9875,0.8005271803333244
2.0,200,4,400,0.22879206043879458,0.74,2,0.1961857460689657,0.7225,2,0.11380733933988492,0.7325,5,0.0,0.5,0,0.9325,0.9875,0.7475927958655844,0.865,0.9516,0.5317321470162805,0.735,0.8402,0.21899917317561615,0.9325,0.9875,0.7475927958655844
2.0,200,5,400,0.2534031165070436,0.7525,2,0.1747140587199565,0.71,2,0.08849000615148354,0.685,6,0.0,0.5,0,0.9225,0.97555,0.7133073522575213,0.8475,0.9319375000000001,0.48174042415031093,0.765,0.8675750000000001,0.2790939406091049,0.9225,0.97555,0.7133073522575213
2.0,200,6,400,0.258397660192909,0.755,2,0.1703653396005143,0.7075,2,0.15965647376389508,0.75,5,0.0,0.5,0,0.9475,0.9849249999999999,0.8005256767739848,0.885,0.9555375,0.5918854415274463,0.7975,0.8716125,0.3524361558538271,0.9475,0.9849249999999999,0.8005256767739848
2.0,200,7,400,0.27395313607166477,0.7625,2,0.27399763567771745,0.7625,2,0.18895564474036697,0.7575,5,0.0,0.5,0,0.94,0.98925,0.7738352115408001,0.8775,0.956825,0.5689524857243483,0.7,0.87365,0.1583766583364806,0.94,0.98925,0.7738352115408001
2.0,200,8,400,0.300840415934666,0.775,2,0.2143943320553553,0.7325,2,0.18572396483842749,0.765,4,0.0,0.5,0,0.94,0.9828499999999999,0.7738340750388943,0.855,0.9600374999999999,0.5028821234980434,0.8,0.8808375,0.3584630446726883,0.94,0.9828499999999999,0.7738340750388943
2.0,200,9,400,0.1787111809229138,0.7125,2,0.11034317514095134,0.6675,2,0.0706796144357106,0.6875,6,0.0012604949475725589,0.53,2,0.9225,0.981475,0.7133069200582286,0.8525,0.9458625,0.49577267751654625,0.7575,0.8418,0.263417742818988,0.9225,0.981475,0.7133069200582286
2.0,400,0,800,0.36832876574240475,0.80375,2,0.3017212312755816,0.775,2,0.14589269988995981,0.7725,6,0.0,0.5,0,0.96875,0.99579375,0.8787545499767156,0.9,0.9729531249999999,0.639553389055275,0.7775,0.8743000000000001,0.3071736864154951,0.96875,0.99579375,0.8787545499767156
2.0,400,1,800,0.3241180621197396,0.785,2,0.20165279274464104,0.725,2,0.12357709943194138,0.7325,5,0.0,0.5,0,0.95,0.98918125,0.8097621967936202,0.8875,0.9619093750000001,0.6001295409831957,0.765,0.876471875,0.28004253877333757,0.95,0.98918125,0.8097621967936202
2.0,400,2,800,0.274765338237603,0.7625,2,0.1454186793268744,0.69125,2,0.17988386637142872,0.77625,6,0.0,0.5,0,0.95625,0.99021875,0.8324466103549193,0.90125,0.9710875000000001,0.6435631826417144,0.80125,0.877609375,0.3622361091939676,0.95625,0.99021875,0.8324466103549193
2.0,400,3,800,0.35328366396473754,0.7975,2,0.2319610767546681,0.74125,2,0.10300841132050387,0.74875,6,0.0,0.5,0,0.95,0.98943125,0.8097619286012621,0.90375,0.9705625,0.6516222193562193,0.76,0.85864375,0.2694967908381339,0.95,0.98943125,0.8097619286012621
2.0,400,4,800,0.2466907680074728,0.74875,2,0.1927943097146401,0.72,2,0.11968615610458597,0.74125,7,0.0,0.5,0,0.94875,0.9875812500000001,0.8052627080452093,0.88,0.968203125,0.5770745058103954,0.77,0.8658625,0.29071548048154167,0.94875,0.9875812500000001,0.8052627080452093
2.0,400,5,800,0.2854084740946641,0.7675,2,0.15322315114075977,0.69625,2,0.10768044188280845,0.7,6,0.0,0.5,0,0.92875,0.9832375,0.7349747217030665,0.89375,0.958396875,0.6196824267818835,0.7625,0.8516999999999999,0.27473146280813737,0.92875,0.9832375,0.7349747217030665
2.0,400,6,800,0.27478598910974134,0.7625,2,0.1435500082199853,0.69,2,0.14874171988176801,0.75,7,0.0,0.5,0,0.95,0.99044375,0.8097621193159056,0.9025,0.9707125,0.6475871192770216,0.8025,0.884571875,0.3652419993924922,0.95,0.99044375,0.8097621193159056
2.0,400,7,800,0.25162698781244086,0.75125,2,0.15319928157896023,0.69625,2,0.12279808358926138,0.73375,6,0.0,0.5,0,0.94625,0.9887812500000001,0.7963013861312036,0.8725,0.956078125,0.5544685177960544,0.76,0.8569749999999999,0.2695187598656251,0.94625,0.9887812500000001,0.7963013861312036
2.0,400,8,800,0.29074607691782606,0.77,2,0.14350824093320694,0.69,2,0.14747952181061275,0.74,7,0.0,0.5,0,0.94,0.986175,0.7741176399823195,0.8925,0.9701843750000001,0.6157504469929054,0.7975,0.880659375,0.35326218934573145,0.94,0.986175,0.7741176399823195
2.0,400,9,800,0.2176445525439239,0.73375,2,0.14542312260756263,0.69125,2,0.10593963550093558,0.70375,7,0.0,0.5,0,0.9425,0.9867375,0.7829533589300326,0.8925,0.967196875,0.6157475579246792,0.7525,0.8466656250000001,0.25409154084065905,0.9425,0.9867375,0.7829533589300326
3.0,50,0,100,0.9208012930401136,0.98,2,0.9208012930401136,0.98,2,0.46944641487926586,0.95,4,0.0,0.5,0,1.0,1.0,1.0,0.97,0.998,0.8824127248460211,0.75,0.9654,0.24427480916030533,1.0,1.0,1.0
3.0,50,1,100,0.45748116254036597,0.84,2,0.4305125790394188,0.83,2,0.3711312339505339,0.83,3,0.0,0.5,0,0.97,0.9972,0.8824127248460211,0.96,0.9831999999999999,0.8448326530612245,0.79,0.8715999999999999,0.3296969696969697,0.97,0.9972,0.8824127248460211
3.0,50,2,100,0.6691665204565022,0.91,2,0.5735404496948732,0.88,2,0.41994325091203893,0.87,3,0.0,0.5,0,0.99,1.0,0.9599960816486464,0.94,0.9888,0.7720979591836735,0.55,0.9378,0.008096346523631212,0.99,1.0,0.9599960816486464
3.0,50,3,100,0.6044831849956539,0.89,2,0.5136127705415728,0.86,2,0.3638954752632161,0.81,3,0.0,0.5,0,0.97,0.9984,0.8824165642894751,0.87,0.9768,0.5430004612075475,0.75,0.9078,0.24370826390048933,0.97,0.9984,0.8824165642894751
3.0,50,4,100,0.3306148898969274,0.79,2,0.3306148898969274,0.79,2,0.22646114532826628,0.78,3,0.0,0.5,0,0.98,1.0,0.9208012930401136,0.93,0.9797999999999999,0.7369439308410987,0.82,0.9112,0.40381884944920443,0.98,1.0,0.9208012930401136
3.0,50,5,100,0.43012226614610743,0.83,2,0.43012226614610743,0.83,2,0.23234414916082682,0.79,4,0.0,0.5,0,0.95,0.9972000000000001,0.8080682750429576,0.93,0.9682,0.7369696969696969,0.77,0.8995999999999998,0.2854243339406018,0.95,0.9972000000000001,0.8080682750429576
3.0,50,6,100,0.37903334270727623,0.81,2,0.3545232273838631,0.8,2,0.33377212947356766,0.87,4,0.0,0.5,0,0.99,1.0,0.9599960816486464,0.96,0.9874,0.8448351863643042,0.76,0.8375999999999999,0.263003232441963,0.99,1.0,0.9599960816486464
3.0,50,7,100,0.6691665204565022,0.91,2,0.6364749082007344,0.9,2,0.33831334774916455,0.84,3,0.0,0.5,0,0.98,1.0,0.9208012930401136,0.97,0.9934,0.8824127248460211,0.81,0.9476,0.37903334270727623,0.98,1.0,0.9208012930401136
3.0,50,8,100,0.6691233181935041,0.91,2,0.6691233181935041,0.91,2,0.3786839810535193,0.84,3,0.0,0.5,0,0.99,1.0,0.9599960816486464,0.9,0.9828,0.6363324680413381,0.77,0.8862,0.2845145256662953,0.99,1.0,0.9599960816486464
3.0,50,9,100,0.6363502791654423,0.9,2,0.5137714975687759,0.86,2,0.3086178261671895,0.87,4,0.028680462504021863,0.61,2,0.99,0.9931999999999999,0.9599960816486464,0.92,0.9745999999999999,0.7025959183673469,0.74,0.8438,0.22335844994617868,0.99,0.9931999999999999,0.9599960816486464
3.0,100,0,200,0.6382285926668068,0.9,2,0.73828696333767,0.93,2,0.3736920731877092,0.91,4,0.0,0.5,0,0.995,1.0,0.9799995050507551,0.955,0.9919,0.8272319054384316,0.88,0.9453500000000001,0.5754700972113357,0.995,1.0,0.9799995050507551
3.0,100,1,200,0.4463853654867511,0.835,2,0.41976648785105714,0.825,2,0.3623060998780592,0.91,5,0.0,0.5,0,0.995,0.9991,0.9799995050507551,0.94,0.98895,0.7732606060606061,0.87,0.9323,0.545318825706459,0.995,0.9991,0.9799995050507551
3.0,100,2,200,0.6222856424402444,0.895,2,0.6064866153215333,0.89,2,0.36959668440875215,0.93,4,0.0,0.5,0,0.985,0.9994,0.9406015451507348,0.94,0.9906499999999999,0.773262438283327,0.76,0.9273999999999999,0.2673072264836496,0.985,0.9994,0.9406015451507348
3.0,100,3,200,0.48762712138224057,0.85,2,0.5755215487290533,0.88,2,0.43850742807728665,0.95,4,0.0,0.5,0,1.0,1.0,1.0,0.945,0.9941,0.7910509497684102,0.83,0.9195500000000001,0.4327907465315654,1.0,1.0,1.0
3.0,100,4,200,0.3816956174140563,0.81,2,0.34531049633084887,0.795,2,0.295132748289968,0.86,4,0.0,0.5,0,0.985,1.0,0.9406017851434009,0.925,0.985,0.7210997525768822,0.87,0.93275,0.5453298479241075,0.985,1.0,0.9406017851434009
3.0,100,5,200,0.5017285785767338,0.855,2,0.4196680383519779,0.825,2,0.4228531269683425,0.96,4,0.0,0.5,0,0.99,0.9997,0.9602000804038779,0.935,0.9843,0.7556733327979822,0.825,0.9219999999999999,0.41964928227852893,0.99,0.9997,0.9602000804038779
3.0,100,6,200,0.5604291574629221,0.875,2,0.4875495081000402,0.85,2,0.4530102206396469,0.965,4,0.0,0.5,0,0.99,0.9998,0.9602,0.955,0.9946,0.8272360936522278,0.85,0.9386,0.48747497722447675,0.99,0.9998,0.9602
3.0,100,7,200,0.501778890499407,0.855,2,0.501778890499407,0.855,2,0.44830805370486626,0.96,4,0.0,0.5,0,0.985,1.0,0.9406017851434009,0.945,0.98875,0.7910501055302497,0.77,0.9071,0.28839024666031304,0.985,1.0,0.9406017851434009
3.0,100,8,200,0.6222856424402444,0.895,2,0.5454703343706896,0.87,2,0.3501166626926934,0.825,4,0.0,0.5,0,0.99,0.9999,0.9602000804038779,0.92,0.9899999999999999,0.7041131313131314,0.795,0.9098,0.3449825778870191,0.99,0.9999,0.9602000804038779
3.0,100,9,200,0.5754743853142064,0.88,2,0.4597383289330955,0.84,2,0.3377231128116289,0.9,4,0.013142502886619051,0.575,2,0.99,0.9978,0.9602000804038779,0.93,0.987,0.7382853772012582,0.815,0.9444499999999999,0.3941113900610902,0.99,0.9978,0.9602000804038779
3.0,200,0,400,0.6231897056573512,0.895,2,0.48876021148027143,0.85,2,0.3988217790100309,0.965,5,0.0,0.5,0,0.995,1.0,0.9800500050125616,0.9575,0.99635,0.8368161098401389,0.87,0.9617249999999999,0.5464924869154145,0.995,1.0,0.9800500050125616
3.0,200,1,400,0.5996638169047602,0.8875,2,0.421155019595657,0.825,2,0.2542073904515716,0.895,6,0.0,0.5,0,0.9925,0.9996999999999999,0.9701501903171991,0.955,0.9917625,0.8276682636499862,0.8075,0.921925,0.3766834632190928,0.9925,0.9996999999999999,0.9701501903171991
3.0,200,2,400,0.5465289445547579,0.87,2,0.34661982370588407,0.795,2,0.3555182814298962,0.9525,6,0.0,0.5,0,0.995,0.99995,0.98005,0.955,0.9947375,0.8276682636499862,0.89,0.9528875,0.6074169681525846,0.995,0.99995,0.98005
3.0,200,3,400,0.5539798428661247,0.8725,2,0.4476664550830187,0.835,2,0.4896455461764738,0.97,4,0.0,0.5,0,0.9975,0.9979,0.9899999378140742,0.9525,0.9948,0.8185703915117133,0.8875,0.9553125,0.5996217715706065,0.9975,0.9979,0.9899999378140742
3.0,200,4,400,0.4888266072420375,0.85,2,0.3586008174222665,0.8,2,0.47900990438977664,0.9575,4,0.0,0.5,0,0.9975,1.0,0.9899999378140742,0.9475,0.9918375,0.8005250753439023,0.8125,0.92185,0.3891218800345135,0.9975,1.0,0.9899999378140742
3.0,200,5,400,0.6152870573112178,0.8925,2,0.30647042477734393,0.7775,2,0.44777609937117513,0.9825,5,0.0,0.5,0,0.9925,0.9999,0.9701501903171991,0.965,0.9938250000000001,0.8645605867938224,0.89,0.9604875,0.6074164749583166,0.9925,0.9999,0.9701501903171991
3.0,200,6,400,0.5539688619839119,0.8725,2,0.29537385255084897,0.7725,2,0.4608729673028281,0.965,4,0.0,0.5,0,0.9975,1.0,0.9899999378140742,0.965,0.9956375,0.864560552763819,0.89,0.9645,0.6074240700126454,0.9975,1.0,0.9899999378140742
3.0,200,7,400,0.5245107881557793,0.8625,2,0.4211887531678909,0.825,2,0.45038615993728615,0.9675,4,0.0,0.5,0,0.9975,0.99995,0.9899999378140742,0.9725,0.9959875000000001,0.8927562792206964,0.805,0.9554375,0.3707051419236021,0.9975,0.99995,0.9899999378140742
3.0,200,8,400,0.5842357363463504,0.8825,2,0.34663016349562326,0.795,2,0.46849106630909976,0.975,4,0.0,0.5,0,0.9925,0.9975500000000002,0.9701501903171991,0.9625,0.9951125,0.8552623305677779,0.88,0.9577374999999999,0.5765595463137996,0.9925,0.9975500000000002,0.9701501903171991
3.0,200,9,400,0.5918836983525894,0.885,2,0.2739429222776451,0.7625,2,0.3955919432464077,0.98,5,0.005577423355127802,0.5475,2,0.9925,0.997925,0.9701501903171991,0.965,0.9951375,0.8645605867938224,0.87,0.9507875,0.5464797253566706,0.9925,0.997925,0.9701501903171991
3.0,400,0,800,0.5582332381009059,0.87375,2,0.28545984285550335,0.7675,2,0.3512175295065095,0.995,6,0.0,0.5,0,0.99875,0.9999875,0.9949999922070802,0.975,0.9972156249999999,0.9023778470739153,0.83875,0.9441125,0.45833690372626845,0.99875,0.9999875,0.9949999922070802
3.0,400,1,800,0.5962737775842494,0.88625,2,0.28019812560658336,0.765,2,0.3401747017644115,0.98125,6,0.0,0.5,0,0.99375,0.99978125,0.975125122351754,0.96375,0.9965062499999999,0.8600811599151864,0.845,0.948903125,0.47546598017146446,0.99375,0.99978125,0.975125122351754
3.0,400,2,800,0.5396793558422004,0.8675,2,0.19720172987160645,0.7225,2,0.36846309369628605,0.9725,6,0.0,0.5,0,0.995,0.9999,0.9800750626566416,0.98,0.998503125,0.9215017642228366,0.88,0.960090625,0.5770796332759369,0.995,0.9999,0.9800750626566416
3.0,400,3,800,0.5809076960380615,0.88125,2,0.293511168220299,0.77125,2,0.4745378989177499,0.9925,5,0.0,0.5,0,0.995,0.9989937499999999,0.9800750651535006,0.96875,0.9972562500000002,0.8787545043957198,0.86,0.940125,0.517800857003519,0.995,0.9989937499999999,0.9800750651535006
3.0,400,4,800,0.514243438860455,0.85875,2,0.30452683552550397,0.77625,2,0.3959686392871795,0.99,6,0.0,0.5,0,0.99625,0.9999687500000001,0.9850375236134279,0.97625,0.9973531250000001,0.907140036307485,0.8775,0.9549531250000001,0.5694872766770235,0.99625,0.9999687500000001,0.9850375236134279
3.0,400,5,800,0.5809001600610876,0.88125,2,0.2368372170630776,0.74375,2,0.43757551421929375,0.98625,5,0.0,0.5,0,0.99625,0.99995,0.9850375236134279,0.965,0.996553125,0.8647308076983022,0.85375,0.937640625,0.49993762230056676,0.99625,0.99995,0.9850375236134279
3.0,400,6,800,0.63157644778347,0.8975,2,0.32701862893670197,0.78625,2,0.4691244091413597,0.9825,5,0.0,0.5,0,0.9975,0.99998125,0.9900125,0.9775,0.99815,0.9119147804751558,0.895,0.9607249999999999,0.623629701995585,0.9975,0.99998125,0.9900125
3.0,400,7,800,0.5470631082225251,0.87,2,0.15318559575657578,0.69625,2,0.3380544659632859,0.9875,7,0.0,0.5,0,0.99625,0.99993125,0.9850375236134279,0.98125,0.997640625,0.9263140278327535,0.86125,0.9490281250000001,0.5214240862098762,0.99625,0.99993125,0.9850375236134279
3.0,400,8,800,0.5847240181239921,0.8825,2,0.16727832569709586,0.705,2,0.39440007461592785,0.97625,6,0.0,0.5,0,0.99375,0.99875625,0.975125117676025,0.97375,0.997809375,0.8976281322160621,0.88125,0.953721875,0.5808909169596982,0.99375,0.99875625,0.975125117676025
3.0,400,9,800,0.5035174563395725,0.855,2,0.11647415027549295,0.67125,2,0.36285582581578213,0.98375,7,0.0,0.5,0,0.99625,0.99754375,0.9850375245509264,0.97375,0.9965781250000001,0.8976281450446144,0.86375,0.9405625,0.5286663492429013,0.99625,0.99754375,0.9850375245509264
5.0,50,0,100,1.0,1.0,2,1.0,1.0,2,1.0,1.0,2,0.12116656521792415,0.69,2,1.0,1.0,1.0,1.0,1.0,1.0,0.76,0.9898,0.2646838453269049,1.0,1.0,1.0
5.0,50,1,100,1.0,1.0,2,1.0,1.0,2,1.0,1.0,2,0.0,0.5,0,1.0,1.0,1.0,1.0,1.0,1.0,0.87,0.9369999999999999,0.5430004612075475,1.0,1.0,1.0
5.0,50,2,100,1.0,1.0,2,1.0,1.0,2,1.0,1.0,2,0.14968531368568944,0.73,2,1.0,1.0,1.0,1.0,1.0,1.0,0.59,0.979,0.02918749315918129,1.0,1.0,1.0
5.0,50,3,100,1.0,1.0,2,1.0,1.0,2,1.0,1.0,2,0.11131929901906756,0.69,2,1.0,1.0,1.0,1.0,1.0,1.0,0.81,0.9573999999999999,0.37885106955468856,1.0,1.0,1.0
5.0,50,4,100,1.0,1.0,2,1.0,1.0,2,0.7484276472200967,1.0,3,0.055045647311880525,0.63,2,1.0,1.0,1.0,1.0,1.0,1.0,0.91,0.9682,0.6690584936388014,1.0,1.0,1.0
5.0,50,5,100,1.0,1.0,2,1.0,1.0,2,1.0,1.0,2,0.0,0.5,0,1.0,1.0,1.0,1.0,1.0,1.0,0.8,0.9766,0.3545232273838631,1.0,1.0,1.0
5.0,50,6,100,1.0,1.0,2,1.0,1.0,2,1.0,1.0,2,0.07835813287771222,0.66,2,1.0,1.0,1.0,1.0,1.0,1.0,0.84,0.9328000000000001,0.45694975022039375,1.0,1.0,1.0
5.0,50,7,100,1.0,1.0,2,1.0,1.0,2,1.0,1.0,2,0.0,0.5,0,1.0,1.0,1.0,1.0,1.0,1.0,0.85,0.9784,0.4852686308492201,1.0,1.0,1.0
5.0,50,8,100,1.0,1.0,2,1.0,1.0,2,1.0,1.0,2,0.0755212689139738,0.65,2,1.0,1.0,1.0,1.0,1.0,1.0,0.85,0.944,0.484898938579631,1.0,1.0,1.0
5.0,50,9,100,1.0,1.0,2,1.0,1.0,2,1.0,1.0,2,0.02369406021155411,0.6,2,1.0,1.0,1.0,0.98,0.9996,0.9208,0.74,0.9102,0.22335844994617868,1.0,1.0,1.0
5.0,100,0,200,1.0,1.0,2,1.0,1.0,2,0.4964045606029766,1.0,4,0.13601930862628137,0.69,2,1.0,1.0,1.0,1.0,1.0,1.0,0.945,0.98085,0.7910509497684102,1.0,1.0,1.0
5.0,100,1,200,1.0,1.0,2,1.0,1.0,2,0.5252904892856131,1.0,4,0.1346247996083363,0.705,2,1.0,1.0,1.0,1.0,1.0,1.0,0.94,0.9786999999999999,0.7732610641190624,1.0,1.0,1.0
5.0,100,2,200,1.0,1.0,2,0.9799995050507551,0.995,2,0.7500318581493146,1.0,3,0.27329840866714306,0.79,2,1.0,1.0,1.0,1.0,1.0,1.0,0.8,0.9717,0.357188426161462,1.0,1.0,1.0
5.0,100,3,200,1.0,1.0,2,1.0,1.0,2,0.5047884015118337,1.0,4,0.4234440284293296,0.845,2,1.0,1.0,1.0,1.0,1.0,1.0,0.905,0.9708000000000001,0.6543926301239945,1.0,1.0,1.0
5.0,100,4,200,1.0,1.0,2,1.0,1.0,2,0.5111515694013816,1.0,4,0.36328455983711255,0.825,2,1.0,1.0,1.0,1.0,1.0,1.0,0.935,0.9833,0.7556753071299604,1.0,1.0,1.0
5.0,100,5,200,1.0,1.0,2,1.0,1.0,2,0.4980207775321541,1.0,4,0.23955889811503175,0.77,2,1.0,1.0,1.0,1.0,1.0,1.0,0.93,0.9883,0.7382980657542548,1.0,1.0,1.0
5.0,100,6,200,1.0,1.0,2,1.0,1.0,2,0.51488847880072,1.0,4,0.15740049653823004,0.72,2,1.0,1.0,1.0,1.0,1.0,1.0,0.925,0.98695,0.7211155277884533,1.0,1.0,1.0
5.0,100,7,200,1.0,1.0,2,1.0,1.0,2,0.510747570810027,1.0,4,0.34155858805723566,0.81,2,1.0,1.0,1.0,1.0,1.0,1.0,0.845,0.96485,0.4735946810170414,1.0,1.0,1.0
5.0,100,8,200,0.9799995050507551,0.995,2,1.0,1.0,2,0.5111515694013816,1.0,4,0.09658676929400116,0.675,2,1.0,1.0,1.0,1.0,1.0,1.0,0.88,0.97395,0.5755215487290533,1.0,1.0,1.0
5.0,100,9,200,1.0,1.0,2,1.0,1.0,2,0.5133735324048057,1.0,4,0.24267269209203368,0.78,2,1.0,1.0,1.0,1.0,1.0,1.0,0.925,0.9881500000000001,0.7211155277884533,1.0,1.0,1.0
5.0,200,0,400,1.0,1.0,2,1.0,1.0,2,0.42465668374129406,1.0,5,0.2761115049833764,0.7675,2,1.0,1.0,1.0,1.0,1.0,1.0,0.92,0.9906375000000001,0.7048748353096179,1.0,1.0,1.0
5.0,200,1,400,0.970150205317095,0.9925,2,1.0,1.0,2,0.4437584811065807,1.0,5,0.2677000393919819,0.7775,2,1.0,1.0,1.0,0.9975,0.9999750000000001,0.9899999378140742,0.9025,0.9756499999999999,0.6471456276528755,1.0,1.0,1.0
5.0,200,2,400,1.0,1.0,2,0.9899999378140742,0.9975,2,0.502384565699612,1.0,4,0.3434622511185814,0.8,2,1.0,1.0,1.0,1.0,1.0,1.0,0.96,0.9932,0.8460144185603601,1.0,1.0,1.0
5.0,200,3,400,0.9800500050125616,0.995,2,0.9899999378140742,0.9975,2,0.49816345935050826,1.0,4,0.2533520823501874,0.76,2,0.9975,1.0,0.9899999378140742,1.0,1.0,1.0,0.9675,0.992375,0.8739089903323498,1.0,1.0,1.0
5.0,200,4,400,1.0,1.0,2,1.0,1.0,2,0.5118063563230065,1.0,4,0.46669628508467054,0.8625,2,1.0,1.0,1.0,1.0,0.9999999999999999,1.0,0.8825,0.9734125,0.5841991755976916,1.0,1.0,1.0
5.0,200,5,400,1.0,1.0,2,1.0,1.0,2,0.5226597082682404,1.0,4,0.07821791274424887,0.6475,2,1.0,1.0,1.0,1.0,1.0,1.0,0.965,0.9954500000000001,0.8645608590332333,1.0,1.0,1.0
5.0,200,6,400,1.0,1.0,2,1.0,1.0,2,0.5166552646801676,1.0,4,0.1194695510473915,0.6875,2,1.0,1.0,1.0,1.0,1.0,1.0,0.9575,0.99105,0.8368161098401389,1.0,1.0,1.0
5.0,200,7,400,1.0,1.0,2,1.0,1.0,2,0.512409335791694,1.0,4,0.1167961538198213,0.695,2,1.0,1.0,1.0,1.0,1.0,1.0,0.8675,0.987825,0.5391450806309849,1.0,1.0,1.0
5.0,200,8,400,0.9800500050125616,0.995,2,0.9899999378140742,0.9975,2,0.5124157140245411,0.9975,4,0.1345807197082306,0.685,2,0.9975,1.0,0.9899999378140742,1.0,1.0,1.0,0.94,0.9907625,0.7738352115408001,1.0,1.0,1.0
5.0,200,9,400,0.9899999378140742,0.9975,2,0.9899999378140742,0.9975,2,0.49482854965869677,0.9975,4,0.3281341532416765,0.81,2,0.9975,1.0,0.9899999378140742,1.0,1.0,1.0,0.9575,0.9925375000000001,0.8368172578587814,1.0,1.0,1.0
5.0,400,0,800,0.9949999922070802,0.99875,2,1.0,1.0,2,0.3553052535047817,1.0,6,0.185247864586548,0.73125,2,1.0,1.0,1.0,1.0,1.0,1.0,0.91,0.9814687500000001,0.6719924434268123,1.0,1.0,1.0
5.0,400,1,800,0.9850375245509264,0.99625,2,0.9850375245509264,0.99625,2,0.37046710019510976,1.0,6,0.4276777631231832,0.845,2,1.0,1.0,1.0,1.0,1.0,1.0,0.915,0.984165625,0.6885157711439793,1.0,1.0,1.0
5.0,400,2,800,1.0,1.0,2,0.9949999922070802,0.99875,2,0.4530981463550432,1.0,5,0.4450306223748015,0.84625,2,1.0,1.0,1.0,1.0,1.0,1.0,0.9575,0.9928625,0.8370215318874314,1.0,1.0,1.0
5.0,400,3,800,0.9900125003128916,0.9975,2,0.9900125003128916,0.9975,2,0.4986036043036359,0.99875,4,0.08522922947135744,0.66375,2,1.0,1.0,1.0,1.0,1.0,1.0,0.92125,0.982140625,0.7094442576373448,1.0,1.0,1.0
5.0,400,4,800,1.0,1.0,2,0.9949999922070802,0.99875,2,0.43652317007239283,1.0,5,0.343847213616183,0.8075,2,1.0,1.0,1.0,1.0,1.0,1.0,0.94625,0.9884593750000001,0.7963017690224683,1.0,1.0,1.0
5.0,400,5,800,0.9949999922070802,0.99875,2,1.0,1.0,2,0.42885896949087154,1.0,5,0.08993677048149329,0.6675,2,1.0,1.0,1.0,1.0,1.0,1.0,0.915,0.9817750000000001,0.6885123460125986,1.0,1.0,1.0
5.0,400,6,800,1.0,1.0,2,1.0,1.0,2,0.5057825806840982,1.0,4,0.2893541094652989,0.78375,2,1.0,1.0,1.0,1.0,1.0,1.0,0.95,0.9908125000000001,0.8097620001192982,1.0,1.0,1.0
5.0,400,7,800,1.0,1.0,2,0.9949999922070802,0.99875,2,0.38013177226311917,1.0,6,0.22776444167853926,0.75625,2,1.0,1.0,1.0,1.0,1.0,1.0,0.9275,0.9884,0.7306920220883869,1.0,1.0,1.0
5.0,400,8,800,0.9949999922070802,0.99875,2,0.9900125003128916,0.9975,2,0.430552684040596,0.99875,5,0.15212921672692717,0.705,2,0.99875,1.0,0.9949999922070802,1.0,1.0,1.0,0.95,0.991309375,0.8097626258998204,1.0,1.0,1.0
5.0,400,9,800,0.9850375236134279,0.99625,2,0.9850375245509264,0.99625,2,0.4215852188332817,0.9975,5,0.20299967718375064,0.7325,2,0.9975,1.0,0.9900125003128916,0.99875,0.999925,0.9949999922070802,0.94,0.98295625,0.7741174064574404,0.99875,1.0,0.9949999922070802
8.0,50,0,100,1.0,1.0,2,1.0,1.0,2,1.0,1.0,2,0.9611929572403881,1.0,2,1.0,1.0,1.0,1.0,1.0,1.0,0.76,0.999,0.2646838453269049,1.0,1.0,1.0
8.0,50,1,100,1.0,1.0,2,1.0,1.0,2,1.0,1.0,2,0.9599800737434822,0.99,2,1.0,1.0,1.0,1.0,1.0,1.0,0.89,0.9548,0.6044186131938011,1.0,1.0,1.0
8.0,50,2,100,1.0,1.0,2,1.0,1.0,2,1.0,1.0,2,1.0,1.0,2,1.0,1.0,1.0,1.0,1.0,1.0,0.58,0.9922,0.02269374787246114,1.0,1.0,1.0
8.0,50,3,100,1.0,1.0,2,1.0,1.0,2,1.0,1.0,2,0.9801960392078416,1.0,2,1.0,1.0,1.0,1.0,1.0,1.0,0.87,0.9700000000000001,0.5432092721553845,1.0,1.0,1.0
8.0,50,4,100,1.0,1.0,2,1.0,1.0,2,1.0,1.0,2,0.9611929572403881,1.0,2,1.0,1.0,1.0,1.0,0.9999999999999999,1.0,0.96,0.9908,0.8448326530612245,1.0,1.0,1.0
8.0,50,5,100,1.0,1.0,2,1.0,1.0,2,1.0,1.0,2,0.9219526740818502,0.99,2,1.0,1.0,1.0,1.0,1.0,1.0,0.83,0.9884000000000001,0.4305125790394188,1.0,1.0,1.0
8.0,50,6,100,1.0,1.0,2,1.0,1.0,2,1.0,1.0,2,0.9801960392078416,1.0,2,1.0,1.0,1.0,1.0,1.0,1.0,0.88,0.9610000000000001,0.5733176608874523,1.0,1.0,1.0
8.0,50,7,100,1.0,1.0,2,1.0,1.0,2,1.0,1.0,2,0.9405653095480219,0.99,2,1.0,1.0,1.0,1.0,1.0,1.0,0.86,0.9892,0.513874614594039,1.0,1.0,1.0
8.0,50,8,100,1.0,1.0,2,1.0,1.0,2,1.0,1.0,2,0.9801960392078416,1.0,2,1.0,1.0,1.0,1.0,1.0,1.0,0.91,0.9778,0.6691233181935041,1.0,1.0,1.0
8.0,50,9,100,1.0,1.0,2,1.0,1.0,2,1.0,1.0,2,0.9599800737434822,0.99,2,1.0,1.0,1.0,1.0,1.0,1.0,0.78,0.9366,0.30731969860064584,1.0,1.0,1.0
8.0,100,0,200,1.0,1.0,2,1.0,1.0,2,0.7485204811527276,1.0,3,1.0,1.0,2,1.0,1.0,1.0,1.0,1.0,1.0,0.96,0.9952,0.8456254898950312,1.0,1.0,1.0
8.0,100,1,200,1.0,1.0,2,1.0,1.0,2,0.5252904892856131,1.0,4,1.0,1.0,2,1.0,1.0,1.0,1.0,0.9999999999999999,1.0,0.965,0.9923500000000001,0.8642193911693035,1.0,1.0,1.0
8.0,100,2,200,1.0,1.0,2,1.0,1.0,2,0.49781875184808627,1.0,4,0.9900495024751238,1.0,2,1.0,1.0,1.0,1.0,1.0,1.0,0.83,0.9867,0.433042709225128,1.0,1.0,1.0
8.0,100,3,200,1.0,1.0,2,1.0,1.0,2,0.5236747141659478,1.0,4,1.0,1.0,2,1.0,1.0,1.0,1.0,0.9999999999999999,1.0,0.94,0.98805,0.7732770949991515,1.0,1.0,1.0
8.0,100,4,200,1.0,1.0,2,1.0,1.0,2,0.4964045606029766,1.0,4,1.0,1.0,2,1.0,1.0,1.0,1.0,1.0,1.0,0.96,0.9944000000000001,0.8456254898950312,1.0,1.0,1.0
8.0,100,5,200,1.0,1.0,2,1.0,1.0,2,0.49913191148079344,1.0,4,1.0,1.0,2,1.0,1.0,1.0,1.0,1.0,1.0,0.96,0.99715,0.8456292321864344,1.0,1.0,1.0
8.0,100,6,200,1.0,1.0,2,1.0,1.0,2,0.5047884015118337,1.0,4,1.0,1.0,2,1.0,1.0,1.0,1.0,1.0,1.0,0.93,0.9916,0.7382980657542548,1.0,1.0,1.0
8.0,100,7,200,1.0,1.0,2,1.0,1.0,2,0.510747570810027,1.0,4,1.0,1.0,2,1.0,1.0,1.0,1.0,1.0,1.0,0.87,0.9813,0.5454262695381533,1.0,1.0,1.0
8.0,100,8,200,1.0,1.0,2,1.0,1.0,2,0.51488847880072,1.0,4,0.9900495024751238,1.0,2,1.0,1.0,1.0,1.0,1.0,1.0,0.92,0.9925,0.7041424182252666,1.0,1.0,1.0
8.0,100,9,200,1.0,1.0,2,1.0,1.0,2,0.5015561607713819,1.0,4,0.9900495024751238,1.0,2,1.0,1.0,1.0,1.0,1.0,1.0,0.955,0.9946499999999999,0.8272360936522278,1.0,1.0,1.0
8.0,200,0,400,1.0,1.0,2,1.0,1.0,2,0.43199601141547384,1.0,5,1.0,1.0,2,1.0,1.0,1.0,1.0,1.0,1.0,0.9425,0.9968875,0.7826875601935086,1.0,1.0,1.0
8.0,200,1,400,1.0,1.0,2,1.0,1.0,2,0.4369473918208611,1.0,5,1.0,1.0,2,1.0,1.0,1.0,1.0,1.0,1.0,0.9425,0.9927625,0.7826834105673758,1.0,1.0,1.0
8.0,200,2,400,1.0,1.0,2,1.0,1.0,2,0.502384565699612,1.0,4,1.0,1.0,2,1.0,1.0,1.0,1.0,1.0,1.0,0.9725,0.99845,0.8927565486764519,1.0,1.0,1.0
8.0,200,3,400,1.0,1.0,2,1.0,1.0,2,0.5180370563908353,1.0,4,1.0,1.0,2,1.0,1.0,1.0,1.0,1.0,1.0,0.975,0.9967250000000001,0.9022551233616851,1.0,1.0,1.0
8.0,200,4,400,1.0,1.0,2,1.0,1.0,2,0.5329095547337543,1.0,4,1.0,1.0,2,1.0,1.0,1.0,1.0,1.0,1.0,0.925,0.9883875,0.721808425506918,1.0,1.0,1.0
8.0,200,5,400,1.0,1.0,2,1.0,1.0,2,0.5263778506237766,1.0,4,1.0,1.0,2,1.0,1.0,1.0,1.0,1.0,1.0,0.98,0.99885,0.9214031928068505,1.0,1.0,1.0
8.0,200,6,400,1.0,1.0,2,1.0,1.0,2,0.5160020507257789,1.0,4,1.0,1.0,2,1.0,1.0,1.0,1.0,1.0,1.0,0.9775,0.99805,0.9118039628263842,1.0,1.0,1.0
8.0,200,7,400,1.0,1.0,2,1.0,1.0,2,0.512409335791694,1.0,4,1.0,1.0,2,1.0,1.0,1.0,1.0,1.0,1.0,0.91,0.99495,0.6716036181979156,1.0,1.0,1.0
8.0,200,8,400,1.0,1.0,2,0.9899999378140742,0.9975,2,0.504168458830278,1.0,4,0.9950124376554706,1.0,2,1.0,1.0,1.0,1.0,0.9999999999999999,1.0,0.9775,0.9977875,0.9118040957850254,1.0,1.0,1.0
8.0,200,9,400,1.0,1.0,2,1.0,1.0,2,0.5036659553348346,1.0,4,0.98518732699185,1.0,2,1.0,1.0,1.0,1.0,0.9999999999999999,1.0,0.9725,0.9970875,0.8927563870031611,1.0,1.0,1.0
8.0,400,0,800,1.0,1.0,2,1.0,1.0,2,0.35257869258903274,1.0,6,1.0,1.0,2,1.0,1.0,1.0,1.0,1.0,1.0,0.94125,0.992896875,0.7785307317666571,1.0,1.0,1.0
8.0,400,1,800,1.0,1.0,2,1.0,1.0,2,0.36602954604391397,1.0,6,1.0,1.0,2,1.0,1.0,1.0,1.0,1.0,1.0,0.94,0.9937312500000001,0.7741201238079723,1.0,1.0,1.0
8.0,400,2,800,1.0,1.0,2,1.0,1.0,2,0.37067393414489674,1.0,6,1.0,1.0,2,1.0,1.0,1.0,1.0,1.0,1.0,0.9775,0.9971937500000001,0.9119148246281136,1.0,1.0,1.0
8.0,400,3,800,1.0,1.0,2,1.0,1.0,2,0.5028816084813388,1.0,4,1.0,1.0,2,1.0,1.0,1.0,1.0,1.0,1.0,0.94,0.990646875,0.7741191048091844,1.0,1.0,1.0
8.0,400,4,800,1.0,1.0,2,1.0,1.0,2,0.42939164558241055,1.0,5,1.0,1.0,2,1.0,1.0,1.0,1.0,1.0,1.0,0.96125,0.995409375,0.850819635679899,1.0,1.0,1.0
8.0,400,5,800,1.0,1.0,2,1.0,1.0,2,0.430958335855753,1.0,5,1.0,1.0,2,1.0,1.0,1.0,1.0,1.0,1.0,0.945,0.9919187500000001,0.7918407518550324,1.0,1.0,1.0
8.0,400,6,800,1.0,1.0,2,1.0,1.0,2,0.5107448860563284,1.0,4,1.0,1.0,2,1.0,1.0,1.0,1.0,1.0,1.0,0.97375,0.996546875,0.8976281258017847,1.0,1.0,1.0
8.0,400,7,800,1.0,1.0,2,1.0,1.0,2,0.37736777511618325,1.0,6,1.0,1.0,2,1.0,1.0,1.0,1.0,1.0,1.0,0.95,0.9959,0.8097636271400926,1.0,1.0,1.0
8.0,400,8,800,1.0,1.0,2,0.9949999922070802,0.99875,2,0.4342044985623834,1.0,5,1.0,1.0,2,1.0,1.0,1.0,1.0,0.9999999999999999,1.0,0.9725,0.9963500000000001,0.8928910300038926,1.0,1.0,1.0
8.0,400,9,800,1.0,1.0,2,0.9900125003128916,0.9975,2,0.5040846059886049,1.0,4,0.9949999609568365,0.99875,2,1.0,1.0,1.0,1.0,1.0,1.0,0.96,0.991625,0.846207562159522,1.0,1.0,1.0
