drug,n_a,n_b,eff_a,eff_b,cross_cos,rel_a,rel_b,reliable,clears_gate,pair
Filgotinib (GLPG0634),480,480,1.033642292022705,0.8229195475578308,-0.08287829160690308,0.1713263623416424,0.19938864707946777,False,False,K562+A549
PJ34,480,480,1.0467939376831055,0.9096761345863342,-0.06257165968418121,0.2017882838845253,0.2936022371053696,False,False,K562+A549
Veliparib (ABT-888),480,480,1.057702660560608,0.7558352947235107,-0.05461699888110161,0.20872851312160492,0.16116671711206437,False,False,K562+A549
Quercetin,480,480,0.8752813339233398,0.8169390559196472,-0.05168993026018143,0.010710136219859123,0.21848543882369995,False,False,K562+A549
Ki16425,480,480,0.958134114742279,0.7367209196090698,-0.05036470666527748,0.10517040491104127,0.12364147156476975,False,False,K562+A549
EED226,480,480,0.9992212653160095,0.7474206686019897,-0.0485122874379158,0.13170235604047775,0.13714938163757323,False,False,K562+A549
Curcumin,480,480,1.0063860416412354,0.7901268005371094,-0.04838503524661064,0.19758855700492858,0.13590149506926535,False,False,K562+A549
Epothilone A,363,345,2.368783950805664,3.9140396118164062,-0.04621424525976181,0.7120210409164429,0.9342344522476196,True,True,K562+A549
"Roscovitine (Seliciclib,CYC202)",480,480,0.9809038639068604,0.9499006271362305,-0.03583362698554993,0.15445551872253419,0.3747231483459473,False,False,K562+A549
AZD1480,473,480,1.1705553531646729,1.4721453189849854,-0.030260561034083366,0.2878235071897507,0.6691139817237854,False,False,K562+A549
PD98059,480,480,0.9777188301086426,0.852107584476471,-0.0284956656396389,0.12013048678636551,0.21877914816141128,False,False,K562+A549
Streptozotocin (STZ),480,480,0.9638540744781494,0.7605630159378052,-0.027928100898861885,0.11869743093848228,0.15287790317088365,False,False,K562+A549
Alendronate sodium trihydrate,480,480,1.0197724103927612,1.3500310182571411,-0.02663576789200306,0.18369011729955673,0.6129769325256348,False,False,K562+A549
Aurora A Inhibitor I,480,480,0.9567872881889343,0.9825153946876526,-0.02484671212732792,0.07954846490174532,0.3947454929351807,False,False,K562+A549
INO-1001 (3-Aminobenzamide),480,480,1.01939857006073,1.0060869455337524,-0.02457108162343502,0.18802250027656556,0.3958932042121887,False,False,K562+A549
Selisistat (EX 527),480,480,0.9976196885108948,0.8162702322006226,-0.02085987851023674,0.16340575516223907,0.2106768310070038,False,False,K562+A549
Fasudil (HA-1077) HCl,480,480,0.9669429063796997,0.7636141180992126,-0.01899770088493824,0.11909595876932144,0.17808776795864106,False,False,K562+A549
Lomustine,480,480,1.0240576267242432,0.8578500151634216,-0.018736423924565315,0.173650261759758,0.24339845776557922,False,False,K562+A549
Gandotinib (LY2784544),480,480,0.9750900268554688,1.053615927696228,-0.018430685624480247,0.15576724708080292,0.4396462500095367,False,False,K562+A549
Momelotinib (CYT387),480,480,1.1388639211654663,1.4739258289337158,-0.017234403640031815,0.25720402896404265,0.6855753064155579,False,False,K562+A549
Sodium Phenylbutyrate,480,480,1.0467873811721802,0.8063008785247803,-0.016839923337101936,0.20271818488836288,0.22386307418346404,False,False,K562+A549
Bosutinib (SKI-606),410,480,4.150937557220459,1.2697511911392212,-0.014443755149841309,0.9100373148918152,0.608616304397583,True,True,K562+A549
Tacedinaline (CI994),480,480,1.9387701749801636,1.302019476890564,-0.014395740814507008,0.6522348880767822,0.587553858757019,True,True,K562+A549
JNJ-26854165 (Serdemetan),480,480,1.2291581630706787,1.0625420808792114,-0.014267761260271072,0.3761975049972534,0.47204338312149047,False,False,K562+A549
Nilotinib (AMN-107),480,480,4.000321388244629,0.8062450289726257,-0.014176275581121445,0.9151978969573975,0.15559790432453155,False,False,K562+A549
AG-14361,480,480,0.9758194088935852,0.8966658115386963,-0.013139083050191402,0.08455802723765374,0.29307355284690856,False,False,K562+A549
S-Ruxolitinib (INCB018424),480,480,0.9756014347076416,1.0789012908935547,-0.012763268314301968,0.11140677109360694,0.4697092533111572,False,False,K562+A549
"Baricitinib (LY3009104, INCB028050)",480,480,1.050437569618225,0.9597743153572083,-0.011796187609434128,0.18952158093452454,0.3687840700149536,False,False,K562+A549
GSK-LSD1 2HCl,480,480,2.3820407390594482,0.8293973207473755,-0.01092592068016529,0.7518481135368347,0.20493573248386382,False,False,K562+A549
Celecoxib,480,480,1.0273144245147705,0.8149276971817017,-0.010173490270972252,0.12627358436584474,0.18872215151786803,False,False,K562+A549
JNJ-7706621,460,476,1.5284233093261719,1.4158552885055542,-0.010159041732549667,0.5430810451507568,0.6497473359107971,True,True,K562+A549
Costunolide,480,480,0.9990795254707336,0.7858462929725647,-0.009530434384942055,0.1811911940574646,0.1645676851272583,False,False,K562+A549
Zileuton,480,480,0.9637033343315125,0.7643939852714539,-0.009383158758282661,0.09261148869991302,0.15731960386037827,False,False,K562+A549
AC480 (BMS-599626),480,480,1.018428087234497,0.9803189039230347,-0.008176510222256184,0.1613680362701416,0.30810666680335996,False,False,K562+A549
BRD4770,480,480,0.9338314533233643,0.7503954172134399,-0.007749101612716913,0.07033671140670776,0.1185558296740055,False,False,K562+A549
Tubastatin A HCl,480,480,0.97803795337677,0.8738008737564087,-0.006164261605590582,0.15946740061044692,0.31304373145103453,False,False,K562+A549
Busulfan,480,480,1.2148842811584473,0.8215558528900146,-0.005668658297508955,0.36894270181655886,0.23886900246143342,False,False,K562+A549
Navitoclax (ABT-263),421,480,1.291643500328064,1.2364486455917358,-0.001669913879595697,0.32730553150177,0.5329836189746857,False,False,K562+A549
Glesatinib?(MGCD265),480,480,1.7012866735458374,0.8656592965126038,-0.0015056633856147528,0.5756804704666137,0.2591724097728729,False,False,K562+A549
Thalidomide,480,480,0.9270193576812744,0.9164210557937622,-0.0009821448475122452,0.06696898937225342,0.33163812160491946,False,False,K562+A549
MK-0752,480,480,1.112329363822937,0.8497070074081421,-0.0003917387512046844,0.21877793073654175,0.25746139883995056,False,False,K562+A549
Tranylcypromine (2-PCPA) HCl,480,480,1.378363847732544,0.7417365908622742,0.000582573062274605,0.45548821091651914,0.1293162889778614,False,False,K562+A549
Pirarubicin,480,480,1.338850975036621,1.8065214157104492,0.0016575328772887588,0.42859491109848025,0.7778776407241821,False,False,K562+A549
Tofacitinib (CP-690550) Citrate,480,480,0.975385844707489,1.0697109699249268,0.0017339057521894574,0.10026230663061142,0.4641049146652222,False,False,K562+A549
Carmofur,480,480,0.9952417612075806,1.4987668991088867,0.0024845022708177567,0.13567025812808425,0.6968182563781739,False,False,K562+A549
UNC1999,480,480,1.0301915407180786,0.8804808259010315,0.003801284357905388,0.154230934381485,0.2985206186771393,False,False,K562+A549
PD173074,480,480,1.110136866569519,0.7513121962547302,0.0040560150519013405,0.24603193998336792,0.1641914963722229,False,False,K562+A549
Droxinostat,480,480,1.17340087890625,0.9011736512184143,0.00422722939401865,0.27007412910461426,0.3313969522714615,False,False,K562+A549
2-Methoxyestradiol (2-MeOE2),443,480,1.3333442211151123,1.0894910097122192,0.004334367346018553,0.4000040769577026,0.4357176244258881,False,False,K562+A549
Regorafenib (BAY 73-4506),473,480,1.4802252054214478,1.0243237018585205,0.006182985380291939,0.4728449821472168,0.365987503528595,False,False,K562+A549
KW-2449,480,479,1.6668176651000977,1.7292619943618774,0.006477552931755781,0.5663251161575318,0.7634762048721313,True,True,K562+A549
Amisulpride,480,480,1.1208797693252563,0.6958229541778564,0.00812428817152977,0.2637820214033127,0.10955153778195381,False,False,K562+A549
Ivosidenib (AG-120),480,480,0.9058772921562195,0.7152419090270996,0.008280650712549686,0.016253695264458655,0.0738877329044044,False,False,K562+A549
"Patupilone (EPO906, Epothilone B)",323,437,2.1600749492645264,2.8928234577178955,0.008576546795666218,0.6062404870986938,0.9019474744796753,True,True,K562+A549
Thiotepa,480,480,0.9654220342636108,1.044079303741455,0.009385734796524048,0.12264977991580964,0.4222128391265869,False,False,K562+A549
Anacardic Acid,480,480,0.9348704814910889,0.750410258769989,0.010190382599830627,0.06628508120775223,0.14327341914176941,False,False,K562+A549
Toremifene Citrate,480,433,1.0992145538330078,1.0712432861328125,0.011732339859008789,0.24723761677742004,0.40973821878433225,False,False,K562+A549
GSK J1,480,480,0.8908946514129639,0.7586839199066162,0.012178766541182995,0.006903580948710441,0.17619953900575638,False,False,K562+A549
Divalproex Sodium,480,480,1.011587381362915,0.7412060499191284,0.012373407371342182,0.1506195455789566,0.13083158880472184,False,False,K562+A549
SL-327,480,480,1.3122981786727905,1.4144097566604614,0.012765753082931042,0.36807624697685243,0.6401535391807556,False,False,K562+A549
SGI-1776 free base,434,480,1.1202865839004517,0.9529132843017578,0.013321349397301674,0.21690761148929597,0.34809028506278994,False,False,K562+A549
Lenalidomide (CC-5013),480,480,0.9405238628387451,0.7555060386657715,0.01495571993291378,0.05313450768589974,0.14334078431129454,False,False,K562+A549
BMS-536924,480,480,1.1106690168380737,1.3000702857971191,0.015278040431439877,0.24790974855422973,0.5701608300209046,False,False,K562+A549
Altretamine,480,480,0.988086998462677,0.8286339044570923,0.015575548633933067,0.15834785848855973,0.21828361004590988,False,False,K562+A549
BMS-911543,480,480,0.950913667678833,0.7737191319465637,0.016641918569803238,0.11910956650972367,0.2005035936832428,False,False,K562+A549
Aminoglutethimide,480,480,1.0002743005752563,0.8496909737586975,0.017270417883992195,0.1522411197423935,0.2264203757047653,False,False,K562+A549
TMP195,480,480,0.9556001424789429,0.7799137234687805,0.017403043806552887,0.10436040461063385,0.22123191356658936,False,False,K562+A549
Tie2 kinase inhibitor,480,480,1.0343692302703857,0.9145786762237549,0.018477976322174072,0.17492131292819976,0.3309848427772522,False,False,K562+A549
SRT3025 HCl,480,480,0.9388241767883301,0.7571491003036499,0.01872849091887474,0.10512861050665379,0.16551661640405654,False,False,K562+A549
Fulvestrant,480,480,0.9973893165588379,0.8120648860931396,0.01881231740117073,0.1196046806871891,0.1978050947189331,False,False,K562+A549
"Rucaparib (AG-014699,PF-01367338) phosphate",480,473,1.0237904787063599,0.9879685640335083,0.01914150081574917,0.1551351934671402,0.4179150998592377,False,False,K562+A549
Capecitabine,480,480,1.0146664381027222,0.8342441916465759,0.019398175179958344,0.16571557223796846,0.21231911778450013,False,False,K562+A549
Iniparib (BSI-201),480,480,1.0163689851760864,0.6711267232894897,0.02034146897494793,0.18454331904649734,0.028032876551151276,False,False,K562+A549
AICAR (Acadesine),480,480,0.9307191371917725,0.7961195111274719,0.020428460091352463,0.07425801567733288,0.16168733984231948,False,False,K562+A549
Cimetidine,480,480,0.9546492099761963,0.9787811636924744,0.020693307742476463,0.11574885994195938,0.3644846737384796,False,False,K562+A549
AZ 960,480,480,1.191245436668396,1.438547134399414,0.021072810515761375,0.2910945236682892,0.6740311741828918,False,False,K562+A549
Clevudine,480,480,0.9883911609649658,0.7657020092010498,0.021382251754403114,0.10092877373099327,0.1758553683757782,False,False,K562+A549
Entacapone,480,480,1.0409650802612305,0.794434130191803,0.021602021530270576,0.2103554740548134,0.21319193840026857,False,False,K562+A549
RG108,480,480,0.9805118441581726,0.7204201817512512,0.02217061072587967,0.11896958351135253,0.11326618269085884,False,False,K562+A549
IOX2,480,480,1.0144586563110352,0.7163761854171753,0.022263038903474808,0.15818799883127213,0.08816511109471321,False,False,K562+A549
Obatoclax Mesylate (GX15-070),473,480,1.6535394191741943,1.012320637702942,0.022783439606428146,0.5896672487258912,0.42148255109786986,False,False,K562+A549
SRT1720 HCl,480,480,1.0187325477600098,0.9252141714096069,0.02299557812511921,0.1475878804922104,0.29490363895893096,False,False,K562+A549
"Cerdulatinib (PRT062070, PRT2070)",480,480,1.3736534118652344,1.349849820137024,0.023081351071596146,0.4410507380962372,0.6378868460655213,False,False,K562+A549
Ruxolitinib (INCB018424),480,480,0.9346650838851929,0.8359178304672241,0.023562079295516014,0.063707953132689,0.23693351745605468,False,False,K562+A549
Bisindolylmaleimide IX (Ro 31-8220 Mesylate),392,384,1.1416616439819336,1.1510347127914429,0.02454528771340847,0.18180021345615388,0.41819922924041747,False,False,K562+A549
Pelitinib (EKB-569),472,480,1.3532774448394775,1.3740001916885376,0.025357503443956375,0.46333023309707644,0.6510793805122376,False,False,K562+A549
Meprednisone,480,480,0.9226574301719666,0.938647985458374,0.027230458334088326,0.06608116552233696,0.3463881313800812,False,False,K562+A549
Flavopiridol HCl,304,480,2.6518659591674805,1.9387770891189575,0.027889857068657875,0.7587158560752869,0.8119552969932556,True,True,K562+A549
Maraviroc,480,480,1.00251042842865,0.7921971678733826,0.028800468891859055,0.15023973137140273,0.15818222090601922,False,False,K562+A549
Decitabine,480,480,1.6325868368148804,1.2845265865325928,0.029764343053102493,0.5393793165683747,0.5935938239097596,True,True,K562+A549
PCI-34051,480,480,1.0614289045333862,1.2140557765960693,0.030281413346529007,0.16587453782558442,0.5492733597755433,False,False,K562+A549
TG101209,460,480,1.8362785577774048,1.2442870140075684,0.030934512615203857,0.646243441104889,0.5529656052589417,True,True,K562+A549
ABT-737,480,480,1.0220530033111572,0.8760555982589722,0.031090090051293373,0.1892948180437088,0.2688393980264664,False,False,K562+A549
ITSA-1 (ITSA1),480,480,1.0061924457550049,1.023416519165039,0.03132973238825798,0.14808263182640075,0.4279873788356781,False,False,K562+A549
Ramelteon,480,480,0.964909553527832,0.7558712363243103,0.03133091703057289,0.14494631588459014,0.10264536977629177,False,False,K562+A549
Ki8751,480,480,1.3364626169204712,0.9369381666183472,0.03216361626982689,0.36973302364349364,0.36100536584854126,False,False,K562+A549
PF-3845,480,480,0.9368581175804138,0.840208113193512,0.033491138368844986,0.06680801436305046,0.21715299189090728,False,False,K562+A549
ZM 447439,480,480,1.2033659219741821,1.4954643249511719,0.03375843167304993,0.2889835774898529,0.6964834690093994,False,False,K562+A549
WP1066,480,480,1.0023629665374756,0.9041250348091125,0.03411008045077324,0.13199214339256288,0.333677077293396,False,False,K562+A549
FLLL32,465,480,1.2987748384475708,0.7258769869804382,0.03433242440223694,0.41656047105789185,0.1017618641257286,False,False,K562+A549
AG-490 (Tyrphostin B42),480,480,1.2055854797363281,0.8287348747253418,0.034704867750406265,0.36891948580741885,0.19118493497371675,False,False,K562+A549
"Fluorouracil (5-Fluoracil, 5-FU)",480,480,0.9223230481147766,1.4328211545944214,0.03472946956753731,0.071864815056324,0.690342128276825,False,False,K562+A549
TGX-221,480,480,1.1158607006072998,0.7876701354980469,0.0362708754837513,0.26196021437644956,0.14621578752994538,False,False,K562+A549
XAV-939,480,480,0.934898853302002,1.193991780281067,0.03654027357697487,0.03035283423960209,0.5544206857681274,False,False,K562+A549
Lapatinib (GW-572016) Ditosylate,480,480,1.0745398998260498,1.2388584613800049,0.03820274770259857,0.22458825409412383,0.5378579795360565,False,False,K562+A549
CEP-33779,480,480,1.1213010549545288,0.9292923212051392,0.03855403885245323,0.2883514702320099,0.36476040482521055,False,False,K562+A549
MK-5108 (VX-689),435,480,1.3354054689407349,1.6174365282058716,0.039826903492212296,0.3783291816711426,0.7330875635147095,False,False,K562+A549
Avagacestat (BMS-708163),480,480,0.9574583172798157,0.729644775390625,0.04139258340001106,0.128521865606308,0.10618425831198693,False,False,K562+A549
UNC0631,480,480,1.0493751764297485,1.2506955862045288,0.04247000440955162,0.1832696884870529,0.6036858558654785,False,False,K562+A549
NVP-BSK805 2HCl,480,480,1.2479252815246582,0.8618665337562561,0.04375504329800606,0.40481619238853456,0.2866907000541687,False,False,K562+A549
Ofloxacin,480,480,1.0355433225631714,1.0834875106811523,0.04410144314169884,0.17481984198093414,0.4559797763824463,False,False,K562+A549
A-366,480,480,0.9570955038070679,0.9963008165359497,0.044120289385318756,0.11051004976034165,0.3624711334705353,False,False,K562+A549
Sirtinol,480,480,1.0598655939102173,0.8234235644340515,0.044419869780540466,0.1828323632478714,0.1897686891257763,False,False,K562+A549
MC1568,480,480,0.987017035484314,0.7169739603996277,0.04451317340135574,0.128147404640913,0.11437487527728081,False,False,K562+A549
Valproic acid sodium salt (Sodium valproate),480,480,0.9352814555168152,0.8896304368972778,0.04522515833377838,0.11804112046957016,0.29000864624977113,False,False,K562+A549
"Temsirolimus (CCI-779, NSC 683864)",480,480,1.5085070133209229,1.729645848274231,0.04577250778675079,0.5236294150352478,0.736959946155548,True,True,K562+A549
BMS-754807,480,480,1.0919488668441772,1.5368152856826782,0.04593705013394356,0.20999044477939605,0.6807178378105163,False,False,K562+A549
Sorafenib Tosylate,479,480,1.2355997562408447,1.1561436653137207,0.046661894768476486,0.36567298173904417,0.47692662477493286,False,False,K562+A549
Daphnetin,480,480,0.9860190749168396,0.7846863269805908,0.046760812401771545,0.12119931429624557,0.21413865685462952,False,False,K562+A549
Linifanib (ABT-869),480,480,1.0167014598846436,0.9749036431312561,0.04841636121273041,0.15401402488350868,0.39385443925857544,False,False,K562+A549
Andarine,480,480,0.9831353425979614,0.9396793842315674,0.04883340373635292,0.12233542129397393,0.35588730573654176,False,False,K562+A549
Ellagic acid,480,480,0.9218550324440002,0.6885577440261841,0.04888041317462921,0.054374636709690095,0.08091993145644664,False,False,K562+A549
Vandetanib (ZD6474),470,480,1.8917722702026367,0.9595972895622253,0.049340005964040756,0.6352162837982178,0.34425219893455505,False,False,K562+A549
PHA-680632,474,480,2.2766683101654053,1.459402322769165,0.051267366856336594,0.7565669298171998,0.6691500544548035,True,True,K562+A549
BMS-265246,480,480,1.4898617267608643,1.4658399820327759,0.05167869105935097,0.4985836625099182,0.6685553431510926,False,False,K562+A549
G007-LK,480,480,1.1067770719528198,0.8514001369476318,0.052626390010118484,0.24261960983276368,0.21867747604846954,False,False,K562+A549
"Tozasertib (VX-680, MK-0457)",480,462,2.5853214263916016,1.9069185256958008,0.053625188767910004,0.8071537137031555,0.7909570336341858,True,True,K562+A549
SRT2104 (GSK2245840),480,480,1.082310676574707,1.0035123825073242,0.0541025772690773,0.19372869282960892,0.381482195854187,False,False,K562+A549
PF-573228,480,480,0.9915884733200073,0.7924189567565918,0.05547076463699341,0.12521762251853943,0.1549944940023124,False,False,K562+A549
Rigosertib (ON-01910),382,394,1.777323842048645,1.915067434310913,0.05620023235678673,0.5260408222675323,0.7380424976348877,True,True,K562+A549
MLN8054,477,469,1.3347750902175903,2.2621877193450928,0.05637899413704872,0.42800942063331604,0.8487899899482727,False,False,K562+A549
Mercaptopurine (6-MP),480,480,1.6829395294189453,1.071144938468933,0.05725816637277603,0.5668645143508911,0.4032092571258545,False,False,K562+A549
Enzastaurin (LY317615),480,480,1.2565263509750366,0.9687585234642029,0.05794588476419449,0.33953770995140076,0.3767828822135925,False,False,K562+A549
WHI-P154,480,480,1.4392905235290527,0.7850978374481201,0.059720538556575775,0.5005716264247895,0.1626412898302078,False,False,K562+A549
Mesna,480,480,0.9481987357139587,0.766372561454773,0.0601235032081604,0.1222191333770752,0.16072542369365692,False,False,K562+A549
(+)-JQ1,480,480,3.6309409141540527,2.5340707302093506,0.06016587093472481,0.9035697698593139,0.8822616457939148,True,True,K562+A549
YM155 (Sepantronium Bromide),480,221,2.6577134132385254,5.439176559448242,0.06100427359342575,0.8365922331809997,0.9485217332839966,True,True,K562+A549
S3I-201,480,480,0.9818100333213806,0.793938159942627,0.06145789846777916,0.13952233642339706,0.17294862866401672,False,False,K562+A549
Danusertib (PHA-739358),480,476,3.4020447731018066,1.7633274793624878,0.06194441765546799,0.879854166507721,0.744547700881958,True,True,K562+A549
Tazemetostat (EPZ-6438),480,480,0.9873159527778625,0.9798120260238647,0.06310725957155228,0.12153822146356105,0.385201621055603,False,False,K562+A549
"Fedratinib (SAR302503, TG101348)",448,476,1.6269384622573853,1.2977102994918823,0.06530467420816422,0.5322923004627228,0.6263710021972656,True,True,K562+A549
Dasatinib,475,480,5.236090183258057,1.6249314546585083,0.06627456098794937,0.9433155417442322,0.7204159498214722,True,True,K562+A549
Alvespimycin (17-DMAG) HCl,480,423,3.6903841495513916,2.942953586578369,0.07055703550577164,0.8933381795883178,0.8886420130729675,True,True,K562+A549
Roxadustat (FG-4592),480,480,1.0462995767593384,0.8465362787246704,0.07194003462791443,0.20731428861618043,0.23930928409099578,False,False,K562+A549
PFI-1 (PF-6405761),480,480,2.337552309036255,1.1551976203918457,0.07362853735685349,0.7812301397323609,0.5138776183128357,True,True,K562+A549
Tanespimycin (17-AAG),461,463,2.704261302947998,2.3680803775787354,0.0762871503829956,0.8076756119728088,0.863923704624176,True,True,K562+A549
Trametinib (GSK1120212),480,480,4.795133113861084,4.344142436981201,0.0774269700050354,0.9379822254180908,0.9534614443778991,True,True,K562+A549
"Luminespib (AUY-922, NVP-AUY922)",413,480,4.294592380523682,1.3977235555648804,0.07772548496723175,0.9080412864685059,0.6290253400802612,True,True,K562+A549
Resveratrol,480,480,0.9934929609298706,0.7581420540809631,0.08438822627067566,0.11528244316577911,0.15500725209712982,False,False,K562+A549
Prednisone,480,480,0.9066072106361389,0.7629138827323914,0.08499996364116669,0.019262938853353263,0.205243881046772,False,False,K562+A549
Disulfiram,480,480,0.971959114074707,0.820393443107605,0.08823294937610626,0.09441993162035942,0.19505684971809387,False,False,K562+A549
Motesanib Diphosphate (AMG-706),480,480,1.117143154144287,0.9648271203041077,0.0895252600312233,0.2373438686132431,0.3842985391616821,False,False,K562+A549
Tucidinostat (Chidamide),480,480,2.5601725578308105,1.035693645477295,0.09002043306827545,0.7959397435188293,0.4455388724803925,False,False,K562+A549
UNC0379,480,480,1.3524514436721802,2.071593761444092,0.09654349833726883,0.44931662678718565,0.8278251171112061,False,False,K562+A549
AT9283,447,445,2.2279481887817383,2.4082348346710205,0.09780645370483398,0.7314863681793213,0.882945454120636,True,True,K562+A549
Cediranib (AZD2171),480,480,1.4388437271118164,1.0806759595870972,0.10153121501207352,0.4552045464515686,0.4694511592388153,False,False,K562+A549
Triamcinolone Acetonide,480,480,1.7008280754089355,4.120830535888672,0.10591837018728256,0.6005854368209839,0.9559999942779541,True,True,K562+A549
Resminostat,480,480,2.196307897567749,2.3838343620300293,0.11469234526157379,0.7398981809616089,0.8628859758377075,True,True,K562+A549
Alisertib (MLN8237),480,445,2.067350387573242,2.5404279232025146,0.11655243486166,0.7009905219078064,0.8746435523033143,True,True,K562+A549
Crizotinib (PF-02341066),474,478,2.2138710021972656,1.294177532196045,0.118545763194561,0.7393267273902893,0.6034857988357544,True,True,K562+A549
ENMD-2076 L-(+)-Tartaric acid,480,480,1.522851586341858,1.8692625761032104,0.1197715774178505,0.5138647794723511,0.7773436546325684,True,True,K562+A549
Belinostat (PXD101),449,466,2.9360909461975098,3.3579254150390625,0.1211908683180809,0.8378765940666199,0.9245359778404236,True,True,K562+A549
Azacitidine,480,480,2.6135826110839844,1.3523008823394775,0.12135722488164902,0.816296374797821,0.6557997584342956,True,True,K562+A549
TAK-901,462,480,2.4746015071868896,2.3362553119659424,0.12174168974161148,0.781158983707428,0.8529199361801147,True,True,K562+A549
Mocetinostat (MGCD0103),446,480,3.350344181060791,2.491219997406006,0.12735527753829956,0.869223690032959,0.870732045173645,True,True,K562+A549
AR-42,464,480,3.852529764175415,4.877026557922363,0.132478728890419,0.9123537302017212,0.9627342939376831,True,True,K562+A549
SB431542,480,480,1.0157543420791626,0.9239634275436401,0.1359117031097412,0.1328282468020916,0.3346445202827454,False,False,K562+A549
CYC116,480,480,1.0847437381744385,1.4623929262161255,0.1366664469242096,0.2268555223941803,0.6657904744148254,False,False,K562+A549
Raltitrexed,480,480,2.6139838695526123,2.82307767868042,0.1389850527048111,0.8060920476913452,0.8987013220787048,True,True,K562+A549
Pracinostat (SB939),456,480,3.9827558994293213,4.4589056968688965,0.14358064532279968,0.9089749336242676,0.9528378844261169,True,True,K562+A549
CUDC-101,454,480,2.165018081665039,1.847092866897583,0.14390896260738373,0.7068327903747559,0.779485285282135,True,True,K562+A549
Nintedanib (BIBF 1120),457,480,2.172159194946289,1.0368419885635376,0.14496389031410217,0.7222562909126282,0.4029378056526184,False,False,K562+A549
GSK1070916,480,480,1.7546095848083496,2.7186925411224365,0.14572729170322418,0.6173308730125427,0.9051993370056153,True,True,K562+A549
ENMD-2076,480,480,1.4984748363494873,1.5995796918869019,0.14797033369541168,0.5001058101654052,0.7026771426200866,True,True,K562+A549
Givinostat (ITF2357),463,480,3.1791038513183594,4.010783672332764,0.1499713808298111,0.8578520655632019,0.9504381418228149,True,True,K562+A549
Trichostatin A (TSA),456,480,1.7629995346069336,2.999145984649658,0.15027952194213867,0.5946191549301147,0.904285728931427,True,True,K562+A549
CUDC-907,400,430,5.357332229614258,5.20922327041626,0.1537817120552063,0.9435574054718018,0.9634374737739563,True,True,K562+A549
Hesperadin,480,476,2.399604082107544,2.230616569519043,0.1647544652223587,0.7957605600357056,0.8503720760345459,True,True,K562+A549
SNS-314,480,480,1.8879197835922241,2.5168325901031494,0.16521337628364563,0.6601584196090698,0.8784698605537414,True,True,K562+A549
Abexinostat (PCI-24781),456,480,4.327332496643066,5.044774055480957,0.17355358600616455,0.9262177348136902,0.9639251589775085,True,True,K562+A549
Cyclocytidine HCl,480,480,2.577430248260498,2.1135056018829346,0.17386731505393982,0.8106385469436646,0.8172074913978576,True,True,K562+A549
Dacinostat (LAQ824),450,463,6.784978866577148,7.410774230957031,0.17515020072460175,0.9703436613082885,0.9812823057174682,True,True,K562+A549
M344,440,480,2.8733386993408203,2.834937810897827,0.18007978796958923,0.8087010383605957,0.9001636624336242,True,True,K562+A549
Barasertib (AZD1152-HQPA),480,475,2.2835123538970947,2.583326578140259,0.18423804640769958,0.7627413868904114,0.891401469707489,True,True,K562+A549
Entinostat (MS-275),480,480,3.104401111602783,2.0327162742614746,0.18777458369731903,0.8416675329208374,0.7888820052146912,True,True,K562+A549
Panobinostat (LBH589),395,473,6.867352485656738,8.823115348815918,0.18845123052597046,0.9656150937080383,0.9885777354240417,True,True,K562+A549
AMG-900,480,480,2.1656064987182617,2.8294894695281982,0.20071515440940857,0.7444444537162781,0.9104051470756531,True,True,K562+A549
Quisinostat (JNJ-26481585) 2HCl,436,457,7.81016206741333,10.11129379272461,0.20513175427913666,0.9782033443450928,0.9914502620697021,True,True,K562+A549
Clevudine,480,480,0.7657020092010498,0.5879662036895752,-0.12086402624845505,0.1777975767850876,0.24127468168735505,False,False,A549+MCF7
"Rucaparib (AG-014699,PF-01367338) phosphate",473,480,0.9879685640335083,0.6729020476341248,-0.08826901018619537,0.3907625377178192,0.2751897305250168,False,False,A549+MCF7
WP1066,480,480,0.9041250348091125,0.5886565446853638,-0.06743105500936508,0.29751830697059634,0.15684184208512306,False,False,A549+MCF7
2-Methoxyestradiol (2-MeOE2),480,480,1.0894910097122192,0.9671352505683899,-0.06466229259967804,0.49329794049263,0.6069189071655273,False,False,A549+MCF7
Costunolide,480,480,0.7858462929725647,0.5643746852874756,-0.06108687445521355,0.15065032243728638,0.17879764586687089,False,False,A549+MCF7
"Baricitinib (LY3009104, INCB028050)",480,480,0.9597743153572083,0.6242465972900391,-0.05893530696630478,0.3739762485027313,0.2409290224313736,False,False,A549+MCF7
AICAR (Acadesine),480,480,0.7961195111274719,0.5204827785491943,-0.04672175645828247,0.21066656559705735,-0.0005565233528614044,False,False,A549+MCF7
Curcumin,480,480,0.7901268005371094,0.5415128469467163,-0.04500262811779976,0.18548065423965454,0.13821331560611724,False,False,A549+MCF7
BRD4770,480,480,0.7503954172134399,0.510055661201477,-0.04311351478099823,0.13459183573722838,0.04967445582151413,False,False,A549+MCF7
TMP195,480,480,0.7799137234687805,0.4747306704521179,-0.042938414961099625,0.18181049674749375,-0.02325785458087921,False,False,A549+MCF7
Filgotinib (GLPG0634),480,480,0.8229195475578308,0.5545489192008972,-0.04192325472831726,0.20439361333847045,0.14198774415999652,False,False,A549+MCF7
Busulfan,480,480,0.8215558528900146,0.6227680444717407,-0.039885517209768295,0.2735451549291611,0.22210336178541185,False,False,A549+MCF7
PF-573228,480,480,0.7924189567565918,0.7134285569190979,-0.03745364770293236,0.13120397133752704,0.3915220260620117,False,False,A549+MCF7
IOX2,480,480,0.7163761854171753,0.6108816266059875,-0.03520260006189346,0.034148575738072395,0.25402470529079435,False,False,A549+MCF7
Fasudil (HA-1077) HCl,480,480,0.7636141180992126,0.6803592443466187,-0.03318025544285774,0.12964435890316964,0.3107375890016556,False,False,A549+MCF7
Droxinostat,480,480,0.9011736512184143,0.565775990486145,-0.031775545328855515,0.28242466449737547,0.18842617720365523,False,False,A549+MCF7
Gandotinib (LY2784544),480,480,1.053615927696228,0.64415442943573,-0.028225533664226532,0.4884652256965637,0.30056528747081757,False,False,A549+MCF7
Sodium Phenylbutyrate,480,480,0.8063008785247803,0.4947080910205841,-0.02810932695865631,0.19021224975585938,0.04553131191059947,False,False,A549+MCF7
GSK-LSD1 2HCl,480,480,0.8293973207473755,0.675643265247345,-0.02172330766916275,0.25296956598758696,0.37165738344192506,False,False,A549+MCF7
Selisistat (EX 527),480,480,0.8162702322006226,0.5710409879684448,-0.01834927313029766,0.1814681515097618,0.11519320085644721,False,False,A549+MCF7
PD98059,480,480,0.852107584476471,0.5962022542953491,-0.015527566894888878,0.2676851212978363,0.24181649088859558,False,False,A549+MCF7
Mesna,480,480,0.766372561454773,0.5966145992279053,-0.015157222747802734,0.17294311225414277,0.19130026698112487,False,False,A549+MCF7
Quercetin,480,480,0.8169390559196472,0.7099252343177795,-0.014627719298005104,0.2853638708591461,0.416263610124588,False,False,A549+MCF7
Daphnetin,480,480,0.7846863269805908,0.5588551759719849,-0.012910920195281506,0.14669899940490722,0.14514707028865814,False,False,A549+MCF7
MC1568,480,480,0.7169739603996277,0.5231320858001709,-0.011899705976247787,0.0943673387169838,0.030056685209274292,False,False,A549+MCF7
UNC1999,480,480,0.8804808259010315,0.6782554984092712,-0.011419150978326797,0.26354534924030304,0.34414440393447876,False,False,A549+MCF7
Ramelteon,480,480,0.7558712363243103,0.5900309085845947,-0.011103760451078415,0.13440606237272731,0.2153674304485321,False,False,A549+MCF7
MK-0752,480,480,0.8497070074081421,0.770031750202179,-0.00922457966953516,0.25746139883995056,0.44905403852462766,False,False,A549+MCF7
Ki16425,480,480,0.7367209196090698,0.5233278870582581,-0.006219953764230013,0.08920919820666313,0.11928955167531967,False,False,A549+MCF7
GSK J1,480,480,0.7586839199066162,0.524062991142273,-0.005485655274242163,0.12563347779214382,0.07786408066749573,False,False,A549+MCF7
WHI-P154,480,480,0.7850978374481201,0.7283947467803955,-0.0041977702639997005,0.16445848792791368,0.400934499502182,False,False,A549+MCF7
BMS-265246,480,480,1.4658399820327759,1.081746220588684,-0.0013653612695634365,0.6684599161148072,0.64262535572052,True,True,A549+MCF7
Veliparib (ABT-888),480,480,0.7558352947235107,0.5429614782333374,-0.0011054357746616006,0.09389011096209288,0.1475936233997345,False,False,A549+MCF7
Anacardic Acid,480,480,0.750410258769989,0.6674638986587524,-0.0006051851669326425,0.13397911787033082,0.313548868894577,False,False,A549+MCF7
Navitoclax (ABT-263),480,480,1.2364486455917358,0.7467271685600281,0.0023610484786331654,0.5209254920482635,0.3379767000675201,False,False,A549+MCF7
A-366,480,480,0.9963008165359497,0.716397225856781,0.00261321640573442,0.37660799622535707,0.36680238246917723,False,False,A549+MCF7
AG-14361,480,480,0.8966658115386963,0.5861833691596985,0.006658276077359915,0.2881806880235672,0.1573143981397152,False,False,A549+MCF7
S3I-201,480,480,0.793938159942627,0.46260303258895874,0.010826063342392445,0.15743572413921356,-0.05856877751648426,False,False,A549+MCF7
Maraviroc,480,480,0.7921971678733826,0.552579939365387,0.011130936443805695,0.171060511469841,0.12788582583889366,False,False,A549+MCF7
PJ34,480,480,0.9096761345863342,0.6099226474761963,0.012085214257240295,0.3337851822376251,0.22292343378067017,False,False,A549+MCF7
YM155 (Sepantronium Bromide),221,82,5.439176559448242,4.809384822845459,0.012154294177889824,0.9530619740486145,0.8775189995765686,True,True,A549+MCF7
Altretamine,480,480,0.8286339044570923,0.5790541172027588,0.012865116819739342,0.21290127336978912,0.18462377935647964,False,False,A549+MCF7
Decitabine,480,480,1.2845265865325928,0.7629812359809875,0.01845252327620983,0.5897724509239197,0.4502053141593933,False,False,A549+MCF7
PD173074,480,480,0.7513121962547302,0.5471170544624329,0.019509611651301384,0.1360641598701477,0.14564666152000427,False,False,A549+MCF7
Alendronate sodium trihydrate,480,480,1.3500310182571411,0.9965090751647949,0.020090412348508835,0.6291274070739746,0.6226399064064025,True,True,A549+MCF7
Aurora A Inhibitor I,480,480,0.9825153946876526,0.7353050112724304,0.023037543520331383,0.3674283593893051,0.39216853976249694,False,False,A549+MCF7
S-Ruxolitinib (INCB018424),480,480,1.0789012908935547,0.6280166506767273,0.023137882351875305,0.45985387563705443,0.22717363834381105,False,False,A549+MCF7
NVP-BSK805 2HCl,480,480,0.8618665337562561,0.7056687474250793,0.02415243163704872,0.2862390637397766,0.4003765106201172,False,False,A549+MCF7
CEP-33779,480,480,0.9292923212051392,0.6774415969848633,0.024818183854222298,0.3196678400039673,0.31136112809181216,False,False,A549+MCF7
Streptozotocin (STZ),480,480,0.7605630159378052,0.6677358746528625,0.02582920715212822,0.1337382446974516,0.32460997700691224,False,False,A549+MCF7
Linifanib (ABT-869),480,480,0.9749036431312561,0.9931224584579468,0.027045106515288353,0.3893412470817566,0.6209061145782471,False,False,A549+MCF7
Capecitabine,480,480,0.8342441916465759,0.5318212509155273,0.027304774150252342,0.23250708281993865,0.06741350963711738,False,False,A549+MCF7
Lomustine,480,480,0.8578500151634216,0.5629956126213074,0.027317533269524574,0.24450794458389283,0.18358583580702542,False,False,A549+MCF7
RG108,480,480,0.7204201817512512,0.5894657969474792,0.027910729870200157,0.12703530341386796,0.2161673218011856,False,False,A549+MCF7
SGI-1776 free base,480,480,0.9529132843017578,0.7394864559173584,0.028526222333312035,0.38484947681427,0.3724653571844101,False,False,A549+MCF7
Regorafenib (BAY 73-4506),480,480,1.0243237018585205,0.8766860365867615,0.02971542440354824,0.41678457260131835,0.5424935162067414,False,False,A549+MCF7
Tofacitinib (CP-690550) Citrate,480,480,1.0697109699249268,0.6880340576171875,0.030795682221651077,0.47207693457603456,0.3540432393550873,False,False,A549+MCF7
Thalidomide,480,480,0.9164210557937622,0.5380874276161194,0.0316128209233284,0.3281905114650726,0.12158164009451866,False,False,A549+MCF7
Ellagic acid,480,480,0.6885577440261841,0.5127050280570984,0.032036956399679184,-0.0009627483785152435,-0.03550487011671066,False,False,A549+MCF7
Meprednisone,480,480,0.938647985458374,0.5717616081237793,0.03512788191437721,0.340805721282959,0.18164491504430771,False,False,A549+MCF7
Ki8751,480,480,0.9369381666183472,0.6003333926200867,0.03768380731344223,0.34596818685531616,0.20408328175544738,False,False,A549+MCF7
Tazemetostat (EPZ-6438),480,480,0.9798120260238647,0.6321319937705994,0.03778938576579094,0.3693510413169861,0.28172295689582827,False,False,A549+MCF7
Fulvestrant,480,480,0.8120648860931396,3.2466044425964355,0.038316983729600906,0.18009198121726513,0.95440114736557,False,False,A549+MCF7
Nilotinib (AMN-107),480,480,0.8062450289726257,0.8506797552108765,0.038499779999256134,0.23994652032852173,0.491363525390625,False,False,A549+MCF7
Sirtinol,480,480,0.8234235644340515,0.5097447037696838,0.040013063699007034,0.21255067884922027,0.076128638535738,False,False,A549+MCF7
Tubastatin A HCl,480,480,0.8738008737564087,0.816133439540863,0.04131319373846054,0.2616015672683716,0.46619477272033694,False,False,A549+MCF7
AC480 (BMS-599626),480,480,0.9803189039230347,0.8945097923278809,0.044683635234832764,0.3575377881526947,0.5626957416534424,False,False,A549+MCF7
SRT3025 HCl,480,480,0.7571491003036499,0.6199358105659485,0.04604712501168251,0.144544880092144,0.19242689311504363,False,False,A549+MCF7
ABT-737,480,480,0.8760555982589722,0.755472719669342,0.04760924354195595,0.28001026511192323,0.4161686420440674,False,False,A549+MCF7
SRT1720 HCl,480,480,0.9252141714096069,0.5437785387039185,0.04886356368660927,0.3564716577529907,0.12553271576762198,False,False,A549+MCF7
Ruxolitinib (INCB018424),480,480,0.8359178304672241,0.7267528176307678,0.049572039395570755,0.2177175149321556,0.3856064736843109,False,False,A549+MCF7
Andarine,480,480,0.9396793842315674,0.5492510795593262,0.049818750470876694,0.2926244169473648,0.09260967019945383,False,False,A549+MCF7
Momelotinib (CYT387),480,480,1.4739258289337158,0.8971133232116699,0.0502927340567112,0.7022092342376709,0.5437234818935395,True,True,A549+MCF7
Mercaptopurine (6-MP),480,480,1.071144938468933,0.7800761461257935,0.051266200840473175,0.44057019948959353,0.39601237773895265,False,False,A549+MCF7
"Patupilone (EPO906, Epothilone B)",437,480,2.8928234577178955,1.5101195573806763,0.057309433817863464,0.9141743302345275,0.8243825435638428,True,True,A549+MCF7
AG-490 (Tyrphostin B42),480,480,0.8287348747253418,0.5270736217498779,0.05733203887939453,0.2423011213541031,0.06334153972566128,False,False,A549+MCF7
Iniparib (BSI-201),480,480,0.6711267232894897,0.5205387473106384,0.06068633124232292,0.020907003432512283,0.020126884430646898,False,False,A549+MCF7
Glesatinib?(MGCD265),480,480,0.8656592965126038,0.7201948761940002,0.06194602698087692,0.25419285595417024,0.35649319887161257,False,False,A549+MCF7
Celecoxib,480,480,0.8149276971817017,0.6090242862701416,0.06785907596349716,0.1428106389939785,0.2138195440173149,False,False,A549+MCF7
INO-1001 (3-Aminobenzamide),480,480,1.0060869455337524,0.626271665096283,0.07087907195091248,0.3852222800254822,0.2553978681564331,False,False,A549+MCF7
Epothilone A,345,480,3.9140396118164062,1.4590717554092407,0.07256248593330383,0.9344701647758484,0.8188748836517334,True,True,A549+MCF7
ITSA-1 (ITSA1),480,480,1.023416519165039,0.7146231532096863,0.07475601881742477,0.4189079165458679,0.41104285717010497,False,False,A549+MCF7
Toremifene Citrate,433,480,1.0712432861328125,1.174649715423584,0.07510263472795486,0.41960601806640624,0.7074857950210571,False,False,A549+MCF7
Resveratrol,480,480,0.7581420540809631,0.6183618307113647,0.07520198822021484,0.14824078977108002,0.2781937211751938,False,False,A549+MCF7
Entacapone,480,480,0.794434130191803,0.4876149296760559,0.0757800042629242,0.1640241950750351,0.01750575053592911,False,False,A549+MCF7
Divalproex Sodium,480,480,0.7412060499191284,0.5345288515090942,0.07719483226537704,0.14719449132680892,0.021976432483643293,False,False,A549+MCF7
Ivosidenib (AG-120),480,480,0.7152419090270996,0.63283371925354,0.07821106910705566,0.05611874014139175,0.28862951695919037,False,False,A549+MCF7
"Fluorouracil (5-Fluoracil, 5-FU)",480,480,1.4328211545944214,0.5311105251312256,0.07867953181266785,0.6495890855789185,0.08562259417958558,False,False,A549+MCF7
G007-LK,480,480,0.8514001369476318,0.6296372413635254,0.07891953736543655,0.24374825209379197,0.2747814774513245,False,False,A549+MCF7
SB431542,480,480,0.9239634275436401,1.0144520998001099,0.07971818745136261,0.2825595855712891,0.6281177520751953,False,False,A549+MCF7
JNJ-7706621,476,480,1.4158552885055542,0.8071257472038269,0.08027027547359467,0.6376306056976319,0.42731025218963625,False,False,A549+MCF7
Vandetanib (ZD6474),480,480,0.9595972895622253,1.2020518779754639,0.08055873960256577,0.3707486271858215,0.7079961419105529,False,False,A549+MCF7
Zileuton,480,480,0.7643939852714539,0.5609496235847473,0.08155990391969681,0.17008495330810547,0.11406515166163445,False,False,A549+MCF7
BMS-536924,480,480,1.3000702857971191,0.8517516255378723,0.08552789688110352,0.5766268372535706,0.4941646337509155,False,False,A549+MCF7
UNC0631,480,480,1.2506955862045288,0.8635997772216797,0.08758869022130966,0.5790400505065918,0.5180278718471527,True,True,A549+MCF7
Cimetidine,480,480,0.9787811636924744,0.6899476647377014,0.08905703574419022,0.3939584195613861,0.336166524887085,False,False,A549+MCF7
EED226,480,480,0.7474206686019897,0.6092157363891602,0.08909377455711365,0.10730243399739266,0.2737420260906219,False,False,A549+MCF7
Aminoglutethimide,480,480,0.8496909737586975,0.5480794310569763,0.09167955815792084,0.2808345973491669,0.15066915452480317,False,False,A549+MCF7
Avagacestat (BMS-708163),480,480,0.729644775390625,0.8971856832504272,0.09328370541334152,0.07552294060587883,0.5660054683685303,False,False,A549+MCF7
Cediranib (AZD2171),480,480,1.0806759595870972,0.9626637697219849,0.09484465420246124,0.4628585696220398,0.5819146752357482,False,False,A549+MCF7
Azacitidine,480,480,1.3523008823394775,0.7308335304260254,0.09513940662145615,0.6156258702278137,0.38910275101661684,False,False,A549+MCF7
XAV-939,480,480,1.193991780281067,0.7080388069152832,0.09518849849700928,0.543166434764862,0.3529005467891693,False,False,A549+MCF7
BMS-911543,480,480,0.7737191319465637,0.5601610541343689,0.09563972800970078,0.2023923873901367,0.16330402642488479,False,False,A549+MCF7
JNJ-26854165 (Serdemetan),480,480,1.0625420808792114,0.726611316204071,0.09626347571611404,0.4585765480995178,0.39432709813117983,False,False,A549+MCF7
Ofloxacin,480,480,1.0834875106811523,0.7307341694831848,0.10039976239204407,0.4208724021911621,0.35078303813934325,False,False,A549+MCF7
(+)-JQ1,480,480,2.5340707302093506,3.442594528198242,0.10284168273210526,0.8888240694999695,0.9635798573493958,True,True,A549+MCF7
Enzastaurin (LY317615),480,480,0.9687585234642029,0.6461038589477539,0.10333441942930222,0.3420031189918518,0.3060742437839508,False,False,A549+MCF7
Bosutinib (SKI-606),480,480,1.2697511911392212,1.1433595418930054,0.10525096952915192,0.5859246015548706,0.6530598521232605,True,True,A549+MCF7
SRT2104 (GSK2245840),480,480,1.0035123825073242,0.770028829574585,0.1052628830075264,0.4218596041202545,0.4138263285160065,False,False,A549+MCF7
Lapatinib (GW-572016) Ditosylate,480,480,1.2388584613800049,0.9037511348724365,0.10823740810155869,0.5464167714118957,0.49979293942451475,False,False,A549+MCF7
Crizotinib (PF-02341066),478,480,1.294177532196045,0.7208386659622192,0.10854250192642212,0.5671304523944855,0.3934778034687042,False,False,A549+MCF7
Obatoclax Mesylate (GX15-070),480,480,1.012320637702942,1.232635736465454,0.1101982593536377,0.40065949559211733,0.744762909412384,False,False,A549+MCF7
Sorafenib Tosylate,480,480,1.1561436653137207,0.9255920052528381,0.11028590053319931,0.48131300806999205,0.5527206420898437,False,False,A549+MCF7
Thiotepa,480,480,1.044079303741455,0.5527263283729553,0.1115269586443901,0.40258381366729734,0.10825202390551567,False,False,A549+MCF7
PFI-1 (PF-6405761),480,480,1.1551976203918457,1.8677364587783813,0.11197404563426971,0.5180257141590119,0.8861785292625427,True,True,A549+MCF7
Tranylcypromine (2-PCPA) HCl,480,480,0.7417365908622742,0.6644462943077087,0.11272897571325302,0.1270395338535309,0.2557045012712479,False,False,A549+MCF7
Amisulpride,480,480,0.6958229541778564,0.5672034621238708,0.11321233958005905,0.01710034245625138,0.1429867424070835,False,False,A549+MCF7
Valproic acid sodium salt (Sodium valproate),480,480,0.8896304368972778,0.5274379253387451,0.11463630944490433,0.30703690052032473,0.06018033698201179,False,False,A549+MCF7
Trametinib (GSK1120212),480,480,4.344142436981201,2.2255337238311768,0.11709574609994888,0.9529550909996033,0.9142767667770386,True,True,A549+MCF7
Tie2 kinase inhibitor,480,480,0.9145786762237549,0.7240344882011414,0.11868197470903397,0.3089121878147125,0.3888008177280426,False,False,A549+MCF7
TGX-221,480,480,0.7876701354980469,0.6933414936065674,0.11893187463283539,0.1313164487481117,0.31522718667984007,False,False,A549+MCF7
AZ 960,480,480,1.438547134399414,0.7961328625679016,0.1222066730260849,0.6552544116973877,0.48668835759162904,False,False,A549+MCF7
Flavopiridol HCl,480,310,1.9387770891189575,3.3373687267303467,0.1225784569978714,0.80914466381073,0.942807412147522,True,True,A549+MCF7
Prednisone,480,480,0.7629138827323914,0.6705867648124695,0.12261015176773071,0.13586942702531815,0.3507871627807617,False,False,A549+MCF7
Rigosertib (ON-01910),394,480,1.915067434310913,1.3855650424957275,0.12269513309001923,0.7430434465408325,0.7664929866790772,True,True,A549+MCF7
Triamcinolone Acetonide,480,480,4.120830535888672,1.63657546043396,0.12369897961616516,0.9564338326454163,0.8306744694709778,True,True,A549+MCF7
Motesanib Diphosphate (AMG-706),480,480,0.9648271203041077,0.6532906293869019,0.12400178611278534,0.3580560624599457,0.2565316677093506,False,False,A549+MCF7
PF-3845,480,480,0.840208113193512,0.6077980399131775,0.12507478892803192,0.1641000084578991,0.21663379073143005,False,False,A549+MCF7
Bisindolylmaleimide IX (Ro 31-8220 Mesylate),384,403,1.1510347127914429,1.2357964515686035,0.1256425529718399,0.462659615278244,0.6683963537216187,False,False,A549+MCF7
Alvespimycin (17-DMAG) HCl,423,386,2.942953586578369,2.154212713241577,0.12634961307048798,0.8967240214347839,0.881970489025116,True,True,A549+MCF7
Tanespimycin (17-AAG),463,480,2.3680803775787354,2.3480968475341797,0.13053642213344574,0.8514169692993164,0.9102001309394836,True,True,A549+MCF7
Pelitinib (EKB-569),480,480,1.3740001916885376,1.1609622240066528,0.13194821774959564,0.6389995574951172,0.7025298476219177,True,True,A549+MCF7
Lenalidomide (CC-5013),480,480,0.7555060386657715,0.538122296333313,0.13201068341732025,0.12876451015472412,0.12118268609046937,False,False,A549+MCF7
Disulfiram,480,480,0.820393443107605,0.625078022480011,0.13811932504177094,0.1975409746170044,0.2439940392971039,False,False,A549+MCF7
"Luminespib (AUY-922, NVP-AUY922)",480,480,1.3977235555648804,2.5233614444732666,0.13980409502983093,0.6307949423789978,0.9291770815849304,True,True,A549+MCF7
"Roscovitine (Seliciclib,CYC202)",480,480,0.9499006271362305,0.7548930048942566,0.13984644412994385,0.3826362669467926,0.4435194730758667,False,False,A549+MCF7
TG101209,480,480,1.2442870140075684,1.6566513776779175,0.14030273258686066,0.5663489580154419,0.8363646030426025,True,True,A549+MCF7
"Cerdulatinib (PRT062070, PRT2070)",480,480,1.349849820137024,0.6872157454490662,0.14245638251304626,0.6468176245689392,0.38717893958091737,False,False,A549+MCF7
Dasatinib,480,480,1.6249314546585083,1.7988985776901245,0.14880573749542236,0.7076710939407349,0.8616959095001221,True,True,A549+MCF7
ENMD-2076 L-(+)-Tartaric acid,480,480,1.8692625761032104,1.2008558511734009,0.15123218297958374,0.7763736844062805,0.7102151393890381,True,True,A549+MCF7
"Temsirolimus (CCI-779, NSC 683864)",480,480,1.729645848274231,1.3947839736938477,0.15305761992931366,0.711510705947876,0.7600319981575012,True,True,A549+MCF7
Roxadustat (FG-4592),480,480,0.8465362787246704,0.640971302986145,0.15493732690811157,0.23053110241889954,0.2720827698707581,False,False,A549+MCF7
Nintedanib (BIBF 1120),480,480,1.0368419885635376,1.0546549558639526,0.15951478481292725,0.42229137420654295,0.6762146592140198,False,False,A549+MCF7
SL-327,480,480,1.4144097566604614,1.060031771659851,0.16035096347332,0.6345738053321839,0.6321358203887939,True,True,A549+MCF7
Tacedinaline (CI994),480,480,1.302019476890564,1.251097559928894,0.1606687754392624,0.6084110498428345,0.7265275835990905,True,True,A549+MCF7
PCI-34051,480,480,1.2140557765960693,0.7445881962776184,0.16262847185134888,0.5485812902450562,0.4386094868183136,False,False,A549+MCF7
CYC116,480,480,1.4623929262161255,1.0583946704864502,0.17060059309005737,0.6616915583610534,0.6742966175079346,True,True,A549+MCF7
ZM 447439,480,480,1.4954643249511719,0.8274885416030884,0.17166294157505035,0.6882893562316894,0.5042127966880798,True,True,A549+MCF7
"Fedratinib (SAR302503, TG101348)",476,480,1.2977102994918823,1.6082594394683838,0.17268800735473633,0.6252493143081665,0.834666085243225,True,True,A549+MCF7
BMS-754807,480,480,1.5368152856826782,1.215694546699524,0.18346485495567322,0.6767746567726135,0.7190733671188354,True,True,A549+MCF7
Tucidinostat (Chidamide),480,480,1.035693645477295,1.1259191036224365,0.19036860764026642,0.414844685792923,0.6721206665039062,False,False,A549+MCF7
Mocetinostat (MGCD0103),480,480,2.491219997406006,2.851635694503784,0.1985381543636322,0.8588431000709533,0.9299304485321045,True,True,A549+MCF7
ENMD-2076,480,480,1.5995796918869019,1.163711667060852,0.2036871612071991,0.697540009021759,0.7124212741851806,True,True,A549+MCF7
AT9283,445,480,2.4082348346710205,0.9243469834327698,0.20603595674037933,0.8633650660514831,0.568339055776596,True,True,A549+MCF7
Carmofur,480,480,1.4987668991088867,0.7264381647109985,0.2078244686126709,0.6955592513084412,0.4249212801456451,False,False,A549+MCF7
FLLL32,480,480,0.7258769869804382,1.378402590751648,0.21194672584533691,0.0939493827521801,0.7639810562133789,False,False,A549+MCF7
UNC0379,480,480,2.071593761444092,1.1063417196273804,0.22028137743473053,0.8343823671340942,0.6683817982673645,True,True,A549+MCF7
KW-2449,479,480,1.7292619943618774,0.830044150352478,0.23828552663326263,0.762892997264862,0.49553787112236025,False,False,A549+MCF7
Entinostat (MS-275),480,480,2.0327162742614746,2.1048107147216797,0.24300311505794525,0.8067126512527466,0.8930858016014099,True,True,A549+MCF7
Danusertib (PHA-739358),476,480,1.7633274793624878,1.1337984800338745,0.24972210824489594,0.7609608769416809,0.7054591655731202,True,True,A549+MCF7
TAK-901,480,480,2.3362553119659424,1.7005126476287842,0.25008365511894226,0.8570803999900818,0.8192099690437317,True,True,A549+MCF7
Cyclocytidine HCl,480,480,2.1135056018829346,0.6818467974662781,0.2513604760169983,0.823422086238861,0.39376348853111265,False,False,A549+MCF7
AZD1480,480,480,1.4721453189849854,0.9720752835273743,0.2572680115699768,0.6845252633094787,0.5472753584384918,True,True,A549+MCF7
Pirarubicin,480,480,1.8065214157104492,0.9320484399795532,0.26693248748779297,0.7581761479377747,0.5777384757995605,True,True,A549+MCF7
Hesperadin,476,480,2.230616569519043,1.73500394821167,0.27038633823394775,0.8603965640068054,0.8441884398460389,True,True,A549+MCF7
"Tozasertib (VX-680, MK-0457)",462,480,1.9069185256958008,0.9527974724769592,0.28081396222114563,0.7985801815986633,0.5797309517860413,True,True,A549+MCF7
PHA-680632,480,480,1.459402322769165,1.0193836688995361,0.28083544969558716,0.6587064146995545,0.617135202884674,True,True,A549+MCF7
MK-5108 (VX-689),480,480,1.6174365282058716,0.765608549118042,0.28230759501457214,0.74860600233078,0.4456135153770447,False,False,A549+MCF7
CUDC-101,480,480,1.847092866897583,1.1956305503845215,0.295166552066803,0.7937280297279358,0.6999743938446045,True,True,A549+MCF7
Belinostat (PXD101),466,480,3.3579254150390625,3.0521397590637207,0.31565263867378235,0.9196054577827454,0.9445055842399597,True,True,A549+MCF7
M344,480,480,2.834937810897827,1.957822322845459,0.32016509771347046,0.899487566947937,0.8588733673095703,True,True,A549+MCF7
Barasertib (AZD1152-HQPA),475,480,2.583326578140259,0.9661076664924622,0.33287543058395386,0.8775833964347839,0.6075543284416198,True,True,A549+MCF7
GSK1070916,480,480,2.7186925411224365,1.1718828678131104,0.33416467905044556,0.9089707374572754,0.7270244240760804,True,True,A549+MCF7
Resminostat,480,480,2.3838343620300293,1.7395492792129517,0.3373744487762451,0.8553462266921997,0.8481576800346374,True,True,A549+MCF7
CUDC-907,430,480,5.20922327041626,4.412402629852295,0.3379167318344116,0.9653096079826355,0.9667716503143311,True,True,A549+MCF7
MLN8054,469,480,2.2621877193450928,1.06711745262146,0.3417552709579468,0.8547059178352356,0.6750051856040955,True,True,A549+MCF7
SNS-314,480,480,2.5168325901031494,1.1269749402999878,0.3469347059726715,0.8783696293830872,0.7056907296180726,True,True,A549+MCF7
Abexinostat (PCI-24781),480,480,5.044774055480957,4.484719276428223,0.3469832241535187,0.9649255275726318,0.9722299933433532,True,True,A549+MCF7
Pracinostat (SB939),480,480,4.4589056968688965,3.9924137592315674,0.37479665875434875,0.9573850393295288,0.9606735348701477,True,True,A549+MCF7
AMG-900,480,480,2.8294894695281982,1.0469684600830078,0.37792402505874634,0.9065433263778686,0.6734260320663452,True,True,A549+MCF7
AR-42,480,480,4.877026557922363,3.8187546730041504,0.38042810559272766,0.9637021899223328,0.9631173253059387,True,True,A549+MCF7
Raltitrexed,480,480,2.82307767868042,1.729854702949524,0.3911305069923401,0.8947332978248597,0.8639200091361999,True,True,A549+MCF7
Alisertib (MLN8237),445,480,2.5404279232025146,1.0731854438781738,0.40387582778930664,0.8705928206443787,0.6762181282043457,True,True,A549+MCF7
Dacinostat (LAQ824),463,480,7.410774230957031,6.951588153839111,0.405804842710495,0.9846012711524963,0.9873422622680664,True,True,A549+MCF7
Givinostat (ITF2357),480,480,4.010783672332764,3.176067352294922,0.4193837344646454,0.9447972536087036,0.9503473162651062,True,True,A549+MCF7
Panobinostat (LBH589),473,480,8.823115348815918,8.517428398132324,0.45915085077285767,0.9881668210029602,0.9909706950187683,True,True,A549+MCF7
Quisinostat (JNJ-26481585) 2HCl,457,480,10.11129379272461,9.742202758789062,0.4668087959289551,0.9916547298431396,0.9930693626403808,True,True,A549+MCF7
Trichostatin A (TSA),480,480,2.999145984649658,3.368346929550171,0.5328618288040161,0.9099850177764892,0.9500291228294373,True,True,A549+MCF7
Ki16425,480,480,0.958134114742279,0.5233278870582581,-0.07496451586484909,0.07990617211908102,0.08974268436431884,False,False,K562+MCF7
GSK J1,480,480,0.8908946514129639,0.524062991142273,-0.05027404800057411,-0.013664007745683193,0.029715272784233093,False,False,K562+MCF7
Tranylcypromine (2-PCPA) HCl,480,480,1.378363847732544,0.6644462943077087,-0.049645815044641495,0.4475174307823181,0.3322127640247345,False,False,K562+MCF7
2-Methoxyestradiol (2-MeOE2),443,480,1.3333442211151123,0.9671352505683899,-0.04569844529032707,0.4000040769577026,0.596457040309906,False,False,K562+MCF7
Altretamine,480,480,0.988086998462677,0.5790541172027588,-0.04560716822743416,0.11012368127703667,0.16748040914535522,False,False,K562+MCF7
Costunolide,480,480,0.9990795254707336,0.5643746852874756,-0.04519059136509895,0.17785657048225403,0.15279219895601273,False,False,K562+MCF7
Daphnetin,480,480,0.9860190749168396,0.5588551759719849,-0.04345964640378952,0.13298382498323918,0.07591361105442047,False,False,K562+MCF7
Droxinostat,480,480,1.17340087890625,0.565775990486145,-0.04191155359148979,0.2481577843427658,0.21408080756664277,False,False,K562+MCF7
Toremifene Citrate,480,480,1.0992145538330078,1.174649715423584,-0.03589443489909172,0.24450197517871858,0.7058694124221802,False,False,K562+MCF7
INO-1001 (3-Aminobenzamide),480,480,1.01939857006073,0.626271665096283,-0.032960616052150726,0.1605063259601593,0.2504321843385696,False,False,K562+MCF7
Filgotinib (GLPG0634),480,480,1.033642292022705,0.5545489192008972,-0.029596582055091858,0.17477650791406632,0.11306558549404144,False,False,K562+MCF7
Anacardic Acid,480,480,0.9348704814910889,0.6674638986587524,-0.029105152934789658,0.07057652436196804,0.278982600569725,False,False,K562+MCF7
Clevudine,480,480,0.9883911609649658,0.5879662036895752,-0.027860164642333984,0.1389569729566574,0.2548489153385162,False,False,K562+MCF7
AG-490 (Tyrphostin B42),480,480,1.2055854797363281,0.5270736217498779,-0.02696092240512371,0.36891948580741885,0.09942092001438141,False,False,K562+MCF7
Tofacitinib (CP-690550) Citrate,480,480,0.975385844707489,0.6880340576171875,-0.026326412335038185,0.14400021135807037,0.3311476409435272,False,False,K562+MCF7
SL-327,480,480,1.3122981786727905,1.060031771659851,-0.025144079700112343,0.42094054222106936,0.6591208219528198,False,False,K562+MCF7
Celecoxib,480,480,1.0273144245147705,0.6090242862701416,-0.02499314583837986,0.16628775149583816,0.26926648020744326,False,False,K562+MCF7
Ofloxacin,480,480,1.0355433225631714,0.7307341694831848,-0.023465540260076523,0.22651808857917785,0.34863620102405546,False,False,K562+MCF7
"Roscovitine (Seliciclib,CYC202)",480,480,0.9809038639068604,0.7548930048942566,-0.023348048329353333,0.19243683516979218,0.39874011278152466,False,False,K562+MCF7
Mesna,480,480,0.9481987357139587,0.5966145992279053,-0.022687077522277832,0.11155590862035751,0.2161884129047394,False,False,K562+MCF7
AZD1480,473,480,1.1705553531646729,0.9720752835273743,-0.021006915718317032,0.2790295958518982,0.5810762286186218,False,False,K562+MCF7
AG-14361,480,480,0.9758194088935852,0.5861833691596985,-0.019461706280708313,0.08455802723765374,0.1548873871564865,False,False,K562+MCF7
Ellagic acid,480,480,0.9218550324440002,0.5127050280570984,-0.018916254863142967,0.07148312330245972,-0.015104889497160911,False,False,K562+MCF7
Tazemetostat (EPZ-6438),480,480,0.9873159527778625,0.6321319937705994,-0.018682407215237617,0.11792909242212772,0.2040344439446926,False,False,K562+MCF7
Entacapone,480,480,1.0409650802612305,0.4876149296760559,-0.017257383093237877,0.19316886663436889,0.004966780087852385,False,False,K562+MCF7
KW-2449,480,480,1.6668176651000977,0.830044150352478,-0.017207158729434013,0.5839106440544128,0.5060211420059204,True,True,K562+MCF7
Nilotinib (AMN-107),480,480,4.000321388244629,0.8506797552108765,-0.0165484007447958,0.9172713279724121,0.5361717283725739,True,True,K562+MCF7
Momelotinib (CYT387),480,480,1.1388639211654663,0.8971133232116699,-0.012613707222044468,0.30361329317092894,0.512726753950119,False,False,K562+MCF7
Curcumin,480,480,1.0063860416412354,0.5415128469467163,-0.012079531326889992,0.11049860939383507,0.0569373082369566,False,False,K562+MCF7
AICAR (Acadesine),480,480,0.9307191371917725,0.5204827785491943,-0.01132211834192276,0.07425801567733288,0.07017251998186111,False,False,K562+MCF7
BMS-536924,480,480,1.1106690168380737,0.8517516255378723,-0.009462070651352406,0.2692126929759979,0.5521722316741944,False,False,K562+MCF7
XAV-939,480,480,0.934898853302002,0.7080388069152832,-0.008837806060910225,0.04764214269816876,0.3830369532108307,False,False,K562+MCF7
MK-5108 (VX-689),435,480,1.3354054689407349,0.765608549118042,-0.008764282800257206,0.389838308095932,0.4570257842540741,False,False,K562+MCF7
G007-LK,480,480,1.1067770719528198,0.6296372413635254,-0.008444453589618206,0.25768810212612153,0.2485188603401184,False,False,K562+MCF7
S3I-201,480,480,0.9818100333213806,0.46260303258895874,-0.00839999783784151,0.14490496069192887,-0.02290465235710144,False,False,K562+MCF7
SRT2104 (GSK2245840),480,480,1.082310676574707,0.770028829574585,-0.006621574517339468,0.17784896194934846,0.4430259168148041,False,False,K562+MCF7
"Cerdulatinib (PRT062070, PRT2070)",480,480,1.3736534118652344,0.6872157454490662,-0.006146733183413744,0.4482444167137146,0.33591609001159667,False,False,K562+MCF7
Andarine,480,480,0.9831353425979614,0.5492510795593262,-0.005960443522781134,0.15141848772764205,0.1305488370358944,False,False,K562+MCF7
RG108,480,480,0.9805118441581726,0.5894657969474792,-0.003480618353933096,0.12459795027971268,0.2041347473859787,False,False,K562+MCF7
Amisulpride,480,480,1.1208797693252563,0.5672034621238708,-0.0030078531708568335,0.25519095063209535,0.22935332655906676,False,False,K562+MCF7
ZM 447439,480,480,1.2033659219741821,0.8274885416030884,-0.0029326174408197403,0.2973948210477829,0.49288356900215147,False,False,K562+MCF7
Enzastaurin (LY317615),480,480,1.2565263509750366,0.6461038589477539,-0.0027785319834947586,0.37619808316230774,0.2822649985551834,False,False,K562+MCF7
Maraviroc,480,480,1.00251042842865,0.552579939365387,-0.0024308492429554462,0.16551986783742906,0.10368703678250313,False,False,K562+MCF7
Aminoglutethimide,480,480,1.0002743005752563,0.5480794310569763,-0.0017197311390191317,0.175583416223526,0.10875109881162644,False,False,K562+MCF7
"Baricitinib (LY3009104, INCB028050)",480,480,1.050437569618225,0.6242465972900391,-0.001684714574366808,0.17293466925621032,0.21816241145133972,False,False,K562+MCF7
Resveratrol,480,480,0.9934929609298706,0.6183618307113647,-0.001224024803377688,0.16459630727767943,0.2322436362504959,False,False,K562+MCF7
FLLL32,465,480,1.2987748384475708,1.378402590751648,0.0014087961753830314,0.3830872714519501,0.7830145239830018,False,False,K562+MCF7
Pelitinib (EKB-569),472,480,1.3532774448394775,1.1609622240066528,0.0027710546273738146,0.4182359158992767,0.6880150198936462,False,False,K562+MCF7
"Patupilone (EPO906, Epothilone B)",323,480,2.1600749492645264,1.5101195573806763,0.002809838391840458,0.6303535580635071,0.8143697261810303,True,True,K562+MCF7
SRT3025 HCl,480,480,0.9388241767883301,0.6199358105659485,0.003120358334854245,0.12502558529376984,0.2430856019258499,False,False,K562+MCF7
Epothilone A,363,480,2.368783950805664,1.4590717554092407,0.005414356477558613,0.7221944570541382,0.7948190331459045,True,True,K562+MCF7
PD173074,480,480,1.110136866569519,0.5471170544624329,0.0062356204725801945,0.19996694773435592,0.13521822541952133,False,False,K562+MCF7
PD98059,480,480,0.9777188301086426,0.5962022542953491,0.006402838509529829,0.13569436967372894,0.17956544756889342,False,False,K562+MCF7
Tacedinaline (CI994),480,480,1.9387701749801636,1.251097559928894,0.006418154574930668,0.6750243902206421,0.710528564453125,True,True,K562+MCF7
Lomustine,480,480,1.0240576267242432,0.5629956126213074,0.007219525054097176,0.17028078436851501,0.15856104642152785,False,False,K562+MCF7
Lenalidomide (CC-5013),480,480,0.9405238628387451,0.538122296333313,0.007239537313580513,0.0473778379149735,0.12282348275184632,False,False,K562+MCF7
SGI-1776 free base,434,480,1.1202865839004517,0.7394864559173584,0.00864471960812807,0.18997280299663544,0.3353887557983398,False,False,K562+MCF7
"Rucaparib (AG-014699,PF-01367338) phosphate",480,480,1.0237904787063599,0.6729020476341248,0.009234391152858734,0.1516561985015869,0.29764747619628906,False,False,K562+MCF7
Bosutinib (SKI-606),410,480,4.150937557220459,1.1433595418930054,0.00937463715672493,0.9014803409576416,0.6965191602706909,True,True,K562+MCF7
Ki8751,480,480,1.3364626169204712,0.6003333926200867,0.009511111304163933,0.3681212902069092,0.22232374548912048,False,False,K562+MCF7
Thiotepa,480,480,0.9654220342636108,0.5527263283729553,0.010057513602077961,0.12908399030566214,0.0808529019355774,False,False,K562+MCF7
Azacitidine,480,480,2.6135826110839844,0.7308335304260254,0.011105500161647797,0.8099291682243347,0.3988285601139069,False,False,K562+MCF7
Glesatinib?(MGCD265),480,480,1.7012866735458374,0.7201948761940002,0.011629220098257065,0.5848852753639221,0.3391819059848785,False,False,K562+MCF7
Busulfan,480,480,1.2148842811584473,0.6227680444717407,0.013273733668029308,0.37701096534729006,0.26909483671188356,False,False,K562+MCF7
Ivosidenib (AG-120),480,480,0.9058772921562195,0.63283371925354,0.01365154329687357,0.061761286575347185,0.31582475304603574,False,False,K562+MCF7
Rigosertib (ON-01910),382,480,1.777323842048645,1.3855650424957275,0.013819903135299683,0.5256874740123749,0.7949010968208313,True,True,K562+MCF7
Zileuton,480,480,0.9637033343315125,0.5609496235847473,0.014018681831657887,0.13514478355646134,0.20608586221933364,False,False,K562+MCF7
YM155 (Sepantronium Bromide),480,82,2.6577134132385254,4.809384822845459,0.0140355434268713,0.8414813041687011,0.880290424823761,True,True,K562+MCF7
A-366,480,480,0.9570955038070679,0.716397225856781,0.014199639670550823,0.11051004976034165,0.33374611139297483,False,False,K562+MCF7
"Tozasertib (VX-680, MK-0457)",480,480,2.5853214263916016,0.9527974724769592,0.014872136525809765,0.8006595849990845,0.6119011521339417,True,True,K562+MCF7
PCI-34051,480,480,1.0614289045333862,0.7445881962776184,0.01610156148672104,0.19766440391540527,0.404503321647644,False,False,K562+MCF7
Tubastatin A HCl,480,480,0.97803795337677,0.816133439540863,0.016675211489200592,0.13150949627161027,0.49719823002815244,False,False,K562+MCF7
Tie2 kinase inhibitor,480,480,1.0343692302703857,0.7240344882011414,0.016709305346012115,0.17539214789867402,0.400302392244339,False,False,K562+MCF7
WP1066,480,480,1.0023629665374756,0.5886565446853638,0.016735650599002838,0.1536325991153717,0.16091582477092742,False,False,K562+MCF7
UNC0631,480,480,1.0493751764297485,0.8635997772216797,0.017733735963702202,0.1639222353696823,0.528121942281723,False,False,K562+MCF7
Valproic acid sodium salt (Sodium valproate),480,480,0.9352814555168152,0.5274379253387451,0.020347150042653084,0.10460053831338882,0.13256016783416272,False,False,K562+MCF7
Vandetanib (ZD6474),470,480,1.8917722702026367,1.2020518779754639,0.02035820111632347,0.6645284414291381,0.713934063911438,True,True,K562+MCF7
Dasatinib,475,480,5.236090183258057,1.7988985776901245,0.021018166095018387,0.9481059312820435,0.8623575210571289,True,True,K562+MCF7
MK-0752,480,480,1.112329363822937,0.770031750202179,0.021249540150165558,0.2126985788345337,0.4691529989242554,False,False,K562+MCF7
Ruxolitinib (INCB018424),480,480,0.9346650838851929,0.7267528176307678,0.02161792665719986,0.053893746063113215,0.394182825088501,False,False,K562+MCF7
BRD4770,480,480,0.9338314533233643,0.510055661201477,0.02413288503885269,0.05882852301001549,0.03642558157444,False,False,K562+MCF7
Iniparib (BSI-201),480,480,1.0163689851760864,0.5205387473106384,0.02463315799832344,0.1574658215045929,0.09612324461340904,False,False,K562+MCF7
IOX2,480,480,1.0144586563110352,0.6108816266059875,0.024650929495692253,0.13694771379232407,0.1714280515909195,False,False,K562+MCF7
Avagacestat (BMS-708163),480,480,0.9574583172798157,0.8971856832504272,0.02524655871093273,0.13046011477708816,0.5652576327323914,False,False,K562+MCF7
Trametinib (GSK1120212),480,480,4.795133113861084,2.2255337238311768,0.026578880846500397,0.9389009833335876,0.9116031646728515,True,True,K562+MCF7
AZ 960,480,480,1.191245436668396,0.7961328625679016,0.027704760432243347,0.2460824266076088,0.4423467516899109,False,False,K562+MCF7
Pirarubicin,480,480,1.338850975036621,0.9320484399795532,0.027808377519249916,0.40544512271881106,0.6100288271903992,False,False,K562+MCF7
Meprednisone,480,480,0.9226574301719666,0.5717616081237793,0.028245747089385986,0.10941215306520462,0.19711746871471406,False,False,K562+MCF7
Danusertib (PHA-739358),480,480,3.4020447731018066,1.1337984800338745,0.028596306219697,0.8805216670036315,0.7078433990478515,True,True,K562+MCF7
Capecitabine,480,480,1.0146664381027222,0.5318212509155273,0.02908339910209179,0.2010111168026924,0.12283772230148315,False,False,K562+MCF7
GSK-LSD1 2HCl,480,480,2.3820407390594482,0.675643265247345,0.030432630330324173,0.7541224122047424,0.2956611752510071,False,False,K562+MCF7
MLN8054,477,480,1.3347750902175903,1.06711745262146,0.03059213235974312,0.42607650756835935,0.6624319791793823,False,False,K562+MCF7
TGX-221,480,480,1.1158607006072998,0.6933414936065674,0.031680088490247726,0.2351721316576004,0.3525105148553848,False,False,K562+MCF7
PHA-680632,474,480,2.2766683101654053,1.0193836688995361,0.0320148840546608,0.7471171736717224,0.6372738957405091,True,True,K562+MCF7
CEP-33779,480,480,1.1213010549545288,0.6774415969848633,0.03271080553531647,0.2844783514738083,0.3040962189435959,False,False,K562+MCF7
JNJ-26854165 (Serdemetan),480,480,1.2291581630706787,0.726611316204071,0.03286699578166008,0.3575565993785858,0.3665127635002136,False,False,K562+MCF7
Quercetin,480,480,0.8752813339233398,0.7099252343177795,0.03288985416293144,0.034791667759418485,0.36285136342048646,False,False,K562+MCF7
Crizotinib (PF-02341066),474,480,2.2138710021972656,0.7208386659622192,0.03355589509010315,0.7489138603210449,0.37317322492599486,False,False,K562+MCF7
Sirtinol,480,480,1.0598655939102173,0.5097447037696838,0.034803684800863266,0.23609304428100586,0.013918034359812736,False,False,K562+MCF7
Cediranib (AZD2171),480,480,1.4388437271118164,0.9626637697219849,0.035259876400232315,0.47568862438201903,0.5771101713180542,False,False,K562+MCF7
BMS-265246,480,480,1.4898617267608643,1.081746220588684,0.03530014678835869,0.47047593593597414,0.6447543859481811,False,False,K562+MCF7
Gandotinib (LY2784544),480,480,0.9750900268554688,0.64415442943573,0.03631984069943428,0.14617433920502662,0.3034959316253662,False,False,K562+MCF7
ITSA-1 (ITSA1),480,480,1.0061924457550049,0.7146231532096863,0.036774199455976486,0.170763598382473,0.34614814519882203,False,False,K562+MCF7
Alendronate sodium trihydrate,480,480,1.0197724103927612,0.9965090751647949,0.03791823983192444,0.18467188626527786,0.6112576127052307,False,False,K562+MCF7
Thalidomide,480,480,0.9270193576812744,0.5380874276161194,0.038321588188409805,0.03816043920814991,0.09387674480676651,False,False,K562+MCF7
Lapatinib (GW-572016) Ditosylate,480,480,1.0745398998260498,0.9037511348724365,0.03885813057422638,0.22807191610336303,0.5431548535823822,False,False,K562+MCF7
Fulvestrant,480,480,0.9973893165588379,3.2466044425964355,0.03981764614582062,0.15576819628477095,0.9588859915733338,False,False,K562+MCF7
Navitoclax (ABT-263),421,480,1.291643500328064,0.7467271685600281,0.041330207139253616,0.29579038023948667,0.4081790566444397,False,False,K562+MCF7
PJ34,480,480,1.0467939376831055,0.6099226474761963,0.04153158515691757,0.2113892674446106,0.18555713593959808,False,False,K562+MCF7
Carmofur,480,480,0.9952417612075806,0.7264381647109985,0.04177231714129448,0.132585746049881,0.39125862121582033,False,False,K562+MCF7
MC1568,480,480,0.987017035484314,0.5231320858001709,0.04314412921667099,0.1250791698694229,0.059013070166110994,False,False,K562+MCF7
Linifanib (ABT-869),480,480,1.0167014598846436,0.9931224584579468,0.04377930983901024,0.16344323456287385,0.6114622950553894,False,False,K562+MCF7
Fasudil (HA-1077) HCl,480,480,0.9669429063796997,0.6803592443466187,0.0440150611102581,0.14544655084609986,0.33768842220306394,False,False,K562+MCF7
Streptozotocin (STZ),480,480,0.9638540744781494,0.6677358746528625,0.044495683163404465,0.11349885910749435,0.3144240975379944,False,False,K562+MCF7
Triamcinolone Acetonide,480,480,1.7008280754089355,1.63657546043396,0.04482756182551384,0.5849423885345459,0.847307825088501,True,True,K562+MCF7
EED226,480,480,0.9992212653160095,0.6092157363891602,0.04585493355989456,0.12860027551651002,0.19917391538619994,False,False,K562+MCF7
PF-573228,480,480,0.9915884733200073,0.7134285569190979,0.04597559943795204,0.15209766551852227,0.37623622417449953,False,False,K562+MCF7
Alisertib (MLN8237),480,480,2.067350387573242,1.0731854438781738,0.046106722205877304,0.7127954125404358,0.6731348752975463,True,True,K562+MCF7
PF-3845,480,480,0.9368581175804138,0.6077980399131775,0.046326056122779846,0.06558918152004481,0.20305342972278595,False,False,K562+MCF7
JNJ-7706621,460,480,1.5284233093261719,0.8071257472038269,0.04888110235333443,0.5137003600597382,0.46686108112335206,False,False,K562+MCF7
Veliparib (ABT-888),480,480,1.057702660560608,0.5429614782333374,0.04914287105202675,0.21449252367019653,0.07148573286831379,False,False,K562+MCF7
S-Ruxolitinib (INCB018424),480,480,0.9756014347076416,0.6280166506767273,0.04998110607266426,0.09131117984652519,0.2898719757795334,False,False,K562+MCF7
Aurora A Inhibitor I,480,480,0.9567872881889343,0.7353050112724304,0.05059736222028732,0.08340502197388559,0.38206323981285095,False,False,K562+MCF7
Mercaptopurine (6-MP),480,480,1.6829395294189453,0.7800761461257935,0.05094131827354431,0.5671319842338562,0.411581426858902,False,False,K562+MCF7
UNC1999,480,480,1.0301915407180786,0.6782554984092712,0.05193915590643883,0.1554729163646698,0.33562878966331483,False,False,K562+MCF7
Selisistat (EX 527),480,480,0.9976196885108948,0.5710409879684448,0.05255062133073807,0.08157943384721875,0.13958096504211426,False,False,K562+MCF7
Ramelteon,480,480,0.964909553527832,0.5900309085845947,0.054953448474407196,0.093645990639925,0.16911827586591244,False,False,K562+MCF7
BMS-754807,480,480,1.0919488668441772,1.215694546699524,0.05534759536385536,0.2512367367744446,0.7372369408607483,False,False,K562+MCF7
Alvespimycin (17-DMAG) HCl,480,386,3.6903841495513916,2.154212713241577,0.0554024912416935,0.8992524862289428,0.8833255171775818,True,True,K562+MCF7
Motesanib Diphosphate (AMG-706),480,480,1.117143154144287,0.6532906293869019,0.05875862017273903,0.23729704320430756,0.275844806432724,False,False,K562+MCF7
TMP195,480,480,0.9556001424789429,0.4747306704521179,0.059240859001874924,0.09190958142280578,-0.03133417014032602,False,False,K562+MCF7
ABT-737,480,480,1.0220530033111572,0.755472719669342,0.059575553983449936,0.1892948180437088,0.42231560349464414,False,False,K562+MCF7
BMS-911543,480,480,0.950913667678833,0.5601610541343689,0.05962789058685303,0.12320995684713125,0.1203039012849331,False,False,K562+MCF7
Cimetidine,480,480,0.9546492099761963,0.6899476647377014,0.05987878888845444,0.11433704420924187,0.36473209261894224,False,False,K562+MCF7
ENMD-2076 L-(+)-Tartaric acid,480,480,1.522851586341858,1.2008558511734009,0.06226915121078491,0.51984623670578,0.7008904576301574,True,True,K562+MCF7
Regorafenib (BAY 73-4506),473,480,1.4802252054214478,0.8766860365867615,0.06671661883592606,0.4680234730243683,0.5199938714504242,False,False,K562+MCF7
Tanespimycin (17-AAG),461,480,2.704261302947998,2.3480968475341797,0.06842362135648727,0.8026409268379211,0.9253137826919555,True,True,K562+MCF7
SRT1720 HCl,480,480,1.0187325477600098,0.5437785387039185,0.07250288128852844,0.14846038222312927,0.09454351691529154,False,False,K562+MCF7
AC480 (BMS-599626),480,480,1.018428087234497,0.8945097923278809,0.07258809357881546,0.1613680362701416,0.5549283266067505,False,False,K562+MCF7
Prednisone,480,480,0.9066072106361389,0.6705867648124695,0.07448720186948776,0.03404254801571369,0.32701376080513,False,False,K562+MCF7
"Luminespib (AUY-922, NVP-AUY922)",413,480,4.294592380523682,2.5233614444732666,0.07576201111078262,0.9098980188369751,0.9297672152519226,True,True,K562+MCF7
ENMD-2076,480,480,1.4984748363494873,1.163711667060852,0.0768953263759613,0.491433721780777,0.7328211784362793,False,False,K562+MCF7
Sorafenib Tosylate,479,480,1.2355997562408447,0.9255920052528381,0.07907652109861374,0.33490278124809264,0.5271911799907685,False,False,K562+MCF7
Tucidinostat (Chidamide),480,480,2.5601725578308105,1.1259191036224365,0.08110078424215317,0.7974443197250366,0.6615594863891602,True,True,K562+MCF7
"Fluorouracil (5-Fluoracil, 5-FU)",480,480,0.9223230481147766,0.5311105251312256,0.08268354088068008,0.09693939350545407,0.06989415865391493,False,False,K562+MCF7
NVP-BSK805 2HCl,480,480,1.2479252815246582,0.7056687474250793,0.08348400890827179,0.39515239000320435,0.32494108080863954,False,False,K562+MCF7
Nintedanib (BIBF 1120),457,480,2.172159194946289,1.0546549558639526,0.0856018215417862,0.725773012638092,0.6693984389305114,True,True,K562+MCF7
"Temsirolimus (CCI-779, NSC 683864)",480,480,1.5085070133209229,1.3947839736938477,0.08567242324352264,0.4806142032146454,0.759981918334961,False,False,K562+MCF7
Sodium Phenylbutyrate,480,480,1.0467873811721802,0.4947080910205841,0.08603351563215256,0.18379301130771636,0.07169255949556827,False,False,K562+MCF7
TAK-901,462,480,2.4746015071868896,1.7005126476287842,0.08890117704868317,0.7727283477783203,0.8527832746505737,True,True,K562+MCF7
Roxadustat (FG-4592),480,480,1.0462995767593384,0.640971302986145,0.08975167572498322,0.18167469203472136,0.26353621780872344,False,False,K562+MCF7
CYC116,480,480,1.0847437381744385,1.0583946704864502,0.0913034975528717,0.2667059123516083,0.6690134644508362,False,False,K562+MCF7
TG101209,460,480,1.8362785577774048,1.6566513776779175,0.0927480161190033,0.6501689195632935,0.8445033311843873,True,True,K562+MCF7
Decitabine,480,480,1.6325868368148804,0.7629812359809875,0.09313760697841644,0.5524860799312592,0.38616936802864077,False,False,K562+MCF7
AT9283,447,480,2.2279481887817383,0.9243469834327698,0.09608349204063416,0.7314863681793213,0.5425698518753052,True,True,K562+MCF7
Hesperadin,480,480,2.399604082107544,1.73500394821167,0.09983199089765549,0.7763832092285157,0.8522084593772888,True,True,K562+MCF7
Divalproex Sodium,480,480,1.011587381362915,0.5345288515090942,0.10024844110012054,0.12779496610164642,0.0791818793863058,False,False,K562+MCF7
UNC0379,480,480,1.3524514436721802,1.1063417196273804,0.10080389678478241,0.45145705342292786,0.6655527234077454,False,False,K562+MCF7
WHI-P154,480,480,1.4392905235290527,0.7283947467803955,0.11048611253499985,0.5030724108219147,0.369620144367218,False,False,K562+MCF7
"Fedratinib (SAR302503, TG101348)",448,480,1.6269384622573853,1.6082594394683838,0.11422710865736008,0.5670599102973938,0.843087351322174,True,True,K562+MCF7
(+)-JQ1,480,480,3.6309409141540527,3.442594528198242,0.11667336523532867,0.9035697698593139,0.9635798573493958,True,True,K562+MCF7
Mocetinostat (MGCD0103),446,480,3.350344181060791,2.851635694503784,0.116983562707901,0.8683061838150025,0.9200048923492432,True,True,K562+MCF7
Disulfiram,480,480,0.971959114074707,0.625078022480011,0.11757300794124603,0.07171430289745331,0.25112769901752474,False,False,K562+MCF7
Flavopiridol HCl,304,310,2.6518659591674805,3.3373687267303467,0.12152576446533203,0.7554545044898987,0.9385518908500672,True,True,K562+MCF7
Cyclocytidine HCl,480,480,2.577430248260498,0.6818467974662781,0.12563443183898926,0.805680787563324,0.3589976251125336,False,False,K562+MCF7
Bisindolylmaleimide IX (Ro 31-8220 Mesylate),392,403,1.1416616439819336,1.2357964515686035,0.1318719983100891,0.18339805901050568,0.6855146646499634,False,False,K562+MCF7
PFI-1 (PF-6405761),480,480,2.337552309036255,1.8677364587783813,0.132025808095932,0.7679928779602051,0.8933982729911805,True,True,K562+MCF7
Barasertib (AZD1152-HQPA),480,480,2.2835123538970947,0.9661076664924622,0.13471439480781555,0.7622191548347473,0.6234728693962097,True,True,K562+MCF7
Obatoclax Mesylate (GX15-070),473,480,1.6535394191741943,1.232635736465454,0.1350436955690384,0.5670096039772033,0.7359469532966614,True,True,K562+MCF7
SB431542,480,480,1.0157543420791626,1.0144520998001099,0.13812589645385742,0.17155563831329346,0.6191943407058715,False,False,K562+MCF7
GSK1070916,480,480,1.7546095848083496,1.1718828678131104,0.1620529294013977,0.6121052742004395,0.6999982237815857,True,True,K562+MCF7
Resminostat,480,480,2.196307897567749,1.7395492792129517,0.1769469529390335,0.7403205394744873,0.8472495079040527,True,True,K562+MCF7
Raltitrexed,480,480,2.6139838695526123,1.729854702949524,0.18173649907112122,0.8137131094932556,0.870321786403656,True,True,K562+MCF7
Belinostat (PXD101),449,480,2.9360909461975098,3.0521397590637207,0.19533281028270721,0.8471985340118409,0.9417773962020874,True,True,K562+MCF7
Pracinostat (SB939),456,480,3.9827558994293213,3.9924137592315674,0.20082174241542816,0.9042022585868835,0.9598587393760681,True,True,K562+MCF7
Abexinostat (PCI-24781),456,480,4.327332496643066,4.484719276428223,0.202449232339859,0.92425537109375,0.9697639465332031,True,True,K562+MCF7
SNS-314,480,480,1.8879197835922241,1.1269749402999878,0.2036101073026657,0.6605001330375672,0.7362127661705017,True,True,K562+MCF7
Entinostat (MS-275),480,480,3.104401111602783,2.1048107147216797,0.20457150042057037,0.8456212162971497,0.8899562001228333,True,True,K562+MCF7
Trichostatin A (TSA),456,480,1.7629995346069336,3.368346929550171,0.2059522271156311,0.592490041255951,0.9515898704528809,True,True,K562+MCF7
M344,440,480,2.8733386993408203,1.957822322845459,0.21462519466876984,0.8164158344268799,0.859650194644928,True,True,K562+MCF7
Dacinostat (LAQ824),450,480,6.784978866577148,6.951588153839111,0.2194899320602417,0.969930636882782,0.987878394126892,True,True,K562+MCF7
CUDC-101,454,480,2.165018081665039,1.1956305503845215,0.22019723057746887,0.7124311208724976,0.700617003440857,True,True,K562+MCF7
AR-42,464,480,3.852529764175415,3.8187546730041504,0.22903211414813995,0.9123537302017212,0.9603326201438904,True,True,K562+MCF7
Givinostat (ITF2357),463,480,3.1791038513183594,3.176067352294922,0.23112858831882477,0.854047667980194,0.9416959404945373,True,True,K562+MCF7
Quisinostat (JNJ-26481585) 2HCl,436,480,7.81016206741333,9.742202758789062,0.2329602986574173,0.978645670413971,0.9937113881111145,True,True,K562+MCF7
AMG-900,480,480,2.1656064987182617,1.0469684600830078,0.23783574998378754,0.7444444537162781,0.6649310827255249,True,True,K562+MCF7
Panobinostat (LBH589),395,480,6.867352485656738,8.517428398132324,0.24577076733112335,0.9671338319778442,0.9901548743247985,True,True,K562+MCF7
CUDC-907,400,480,5.357332229614258,4.412402629852295,0.2619500160217285,0.9340237021446228,0.9624644160270691,True,True,K562+MCF7
